target_step,episode_id,episode_type,state_role,state_role_id,episode_status,resolution,replay_source_step,replay_updates,active_test_episode_ids,recovery_start,recovery_confirmed
0,protocol,protocol,initialization,protocol:initialization,observed,exact_checkpoint,,0,[],not_applicable,not_applicable
100,protocol,protocol,t_fit,event:t_fit,observed,exact_checkpoint,,0,[],not_applicable,not_applicable
300,protocol,protocol,t_fit_detected_at,event:t_fit_detected_at,observed,exact_checkpoint,,0,[],not_applicable,not_applicable
1350,train_001,train,pre_collapse,train_001:pre_collapse,recovered,deterministic_replay,1300,50,[],not_applicable,not_applicable
1400,train_001,train,onset,train_001:onset,recovered,exact_checkpoint,,0,[],not_applicable,not_applicable
1400,train_001,train,train_trough,train_001:train_trough,recovered,exact_checkpoint,,0,[],not_applicable,not_applicable
1600,train_001,train,train_recovery_start,train_001:train_recovery_start,recovered,exact_checkpoint,,0,[],not_applicable,not_applicable
1700,train_001,train,train_recovery_confirmed,train_001:train_recovery_confirmed,recovered,exact_checkpoint,,0,[],not_applicable,not_applicable
1750,train_001,train,post_recovery,train_001:post_recovery,recovered,deterministic_replay,1700,50,[],not_applicable,not_applicable
5050,protocol,protocol,m1b_first_replay,lineage:m1b_first_replay,observed,deterministic_replay,5000,50,[],not_applicable,not_applicable
5850,protocol,protocol,pre_grokking_instability,protocol:pre_grokking_instability,observed,deterministic_replay,5800,50,[],not_applicable,not_applicable
6050,protocol,protocol,t_grok50,event:t_grok50,observed,deterministic_replay,6000,50,[],not_applicable,not_applicable
6150,protocol,protocol,t_grok50_detected_at,event:t_grok50_detected_at,observed,deterministic_replay,6100,50,[],not_applicable,not_applicable
7000,protocol,protocol,t_grok99,event:t_grok99,observed,exact_checkpoint,,0,[],not_applicable,not_applicable
7100,protocol,protocol,t_grok99_detected_at,event:t_grok99_detected_at,observed,exact_checkpoint,,0,[],not_applicable,not_applicable
7300,joint_001,joint,pre_collapse,joint_001:pre_collapse,recovered,exact_checkpoint,,0,[],not_applicable,not_applicable
7300,test_001,test,pre_collapse,test_001:pre_collapse,recovered,exact_checkpoint,,0,[],not_applicable,not_applicable
7350,joint_001,joint,onset,joint_001:onset,recovered,deterministic_replay,7300,50,[],not_applicable,not_applicable
7350,joint_001,joint,test_trough,joint_001:test_trough,recovered,deterministic_replay,7300,50,[],not_applicable,not_applicable
7350,joint_001,joint,train_trough,joint_001:train_trough,recovered,deterministic_replay,7300,50,[],not_applicable,not_applicable
7350,test_001,test,onset,test_001:onset,recovered,deterministic_replay,7300,50,[],not_applicable,not_applicable
7350,test_001,test,test_trough,test_001:test_trough,recovered,deterministic_replay,7300,50,[],not_applicable,not_applicable
7500,joint_001,joint,train_recovery_start,joint_001:train_recovery_start,recovered,exact_checkpoint,,0,[],not_applicable,not_applicable
7600,joint_001,joint,train_recovery_confirmed,joint_001:train_recovery_confirmed,recovered,exact_checkpoint,,0,[],not_applicable,not_applicable
7700,joint_001,joint,test_recovery_start,joint_001:test_recovery_start,recovered,exact_checkpoint,,0,[],not_applicable,not_applicable
7700,test_001,test,test_recovery_start,test_001:test_recovery_start,recovered,exact_checkpoint,,0,[],not_applicable,not_applicable
7800,joint_001,joint,test_recovery_confirmed,joint_001:test_recovery_confirmed,recovered,exact_checkpoint,,0,[],not_applicable,not_applicable
7800,test_001,test,test_recovery_confirmed,test_001:test_recovery_confirmed,recovered,exact_checkpoint,,0,[],not_applicable,not_applicable
7850,joint_001,joint,post_recovery,joint_001:post_recovery,recovered,deterministic_replay,7800,50,[],not_applicable,not_applicable
7850,test_001,test,post_recovery,test_001:post_recovery,recovered,deterministic_replay,7800,50,[],not_applicable,not_applicable
8400,joint_002,joint,pre_collapse,joint_002:pre_collapse,recovered,exact_checkpoint,,0,[],not_applicable,not_applicable
8400,test_002,test,pre_collapse,test_002:pre_collapse,recovered,exact_checkpoint,,0,[],not_applicable,not_applicable
8450,joint_002,joint,onset,joint_002:onset,recovered,deterministic_replay,8400,50,[],not_applicable,not_applicable
8450,joint_002,joint,test_trough,joint_002:test_trough,recovered,deterministic_replay,8400,50,[],not_applicable,not_applicable
8450,joint_002,joint,train_trough,joint_002:train_trough,recovered,deterministic_replay,8400,50,[],not_applicable,not_applicable
8450,test_002,test,onset,test_002:onset,recovered,deterministic_replay,8400,50,[],not_applicable,not_applicable
8450,test_002,test,test_trough,test_002:test_trough,recovered,deterministic_replay,8400,50,[],not_applicable,not_applicable
8550,joint_002,joint,train_recovery_start,joint_002:train_recovery_start,recovered,deterministic_replay,8500,50,[],not_applicable,not_applicable
8600,joint_002,joint,test_recovery_start,joint_002:test_recovery_start,recovered,exact_checkpoint,,0,[],not_applicable,not_applicable
8600,test_002,test,test_recovery_start,test_002:test_recovery_start,recovered,exact_checkpoint,,0,[],not_applicable,not_applicable
8650,joint_002,joint,train_recovery_confirmed,joint_002:train_recovery_confirmed,recovered,deterministic_replay,8600,50,[],not_applicable,not_applicable
8700,joint_002,joint,test_recovery_confirmed,joint_002:test_recovery_confirmed,recovered,exact_checkpoint,,0,[],not_applicable,not_applicable
8700,test_002,test,test_recovery_confirmed,test_002:test_recovery_confirmed,recovered,exact_checkpoint,,0,[],not_applicable,not_applicable
8750,joint_002,joint,post_recovery,joint_002:post_recovery,recovered,deterministic_replay,8700,50,[],not_applicable,not_applicable
8750,test_002,test,post_recovery,test_002:post_recovery,recovered,deterministic_replay,8700,50,[],not_applicable,not_applicable
10000,joint_003,joint,pre_collapse,joint_003:pre_collapse,recovered,exact_checkpoint,,0,[],not_applicable,not_applicable
10000,test_003,test,pre_collapse,test_003:pre_collapse,recovered,exact_checkpoint,,0,[],not_applicable,not_applicable
10050,joint_003,joint,onset,joint_003:onset,recovered,deterministic_replay,10000,50,[],not_applicable,not_applicable
10050,joint_003,joint,test_trough,joint_003:test_trough,recovered,deterministic_replay,10000,50,[],not_applicable,not_applicable
10050,joint_003,joint,train_trough,joint_003:train_trough,recovered,deterministic_replay,10000,50,[],not_applicable,not_applicable
10050,test_003,test,onset,test_003:onset,recovered,deterministic_replay,10000,50,[],not_applicable,not_applicable
10050,test_003,test,test_trough,test_003:test_trough,recovered,deterministic_replay,10000,50,[],not_applicable,not_applicable
10150,joint_003,joint,test_recovery_start,joint_003:test_recovery_start,recovered,deterministic_replay,10100,50,[],not_applicable,not_applicable
10150,joint_003,joint,train_recovery_start,joint_003:train_recovery_start,recovered,deterministic_replay,10100,50,[],not_applicable,not_applicable
10150,test_003,test,test_recovery_start,test_003:test_recovery_start,recovered,deterministic_replay,10100,50,[],not_applicable,not_applicable
10250,joint_003,joint,test_recovery_confirmed,joint_003:test_recovery_confirmed,recovered,deterministic_replay,10200,50,[],not_applicable,not_applicable
10250,joint_003,joint,train_recovery_confirmed,joint_003:train_recovery_confirmed,recovered,deterministic_replay,10200,50,[],not_applicable,not_applicable
10250,test_003,test,test_recovery_confirmed,test_003:test_recovery_confirmed,recovered,deterministic_replay,10200,50,[],not_applicable,not_applicable
10300,joint_003,joint,post_recovery,joint_003:post_recovery,recovered,exact_checkpoint,,0,[],not_applicable,not_applicable
10300,test_003,test,post_recovery,test_003:post_recovery,recovered,exact_checkpoint,,0,[],not_applicable,not_applicable
11000,protocol,protocol,high_performance_control,protocol:high_performance_control,observed,exact_checkpoint,,0,[],not_applicable,not_applicable
12300,joint_004,joint,pre_collapse,joint_004:pre_collapse,recovered,exact_checkpoint,,0,[],not_applicable,not_applicable
12300,test_004,test,pre_collapse,test_004:pre_collapse,recovered,exact_checkpoint,,0,[],not_applicable,not_applicable
12350,joint_004,joint,onset,joint_004:onset,recovered,deterministic_replay,12300,50,[],not_applicable,not_applicable
12350,joint_004,joint,test_trough,joint_004:test_trough,recovered,deterministic_replay,12300,50,[],not_applicable,not_applicable
12350,joint_004,joint,train_trough,joint_004:train_trough,recovered,deterministic_replay,12300,50,[],not_applicable,not_applicable
12350,test_004,test,onset,test_004:onset,recovered,deterministic_replay,12300,50,[],not_applicable,not_applicable
12350,test_004,test,test_trough,test_004:test_trough,recovered,deterministic_replay,12300,50,[],not_applicable,not_applicable
12450,joint_004,joint,train_recovery_start,joint_004:train_recovery_start,recovered,deterministic_replay,12400,50,[],not_applicable,not_applicable
12550,joint_004,joint,test_recovery_start,joint_004:test_recovery_start,recovered,deterministic_replay,12500,50,[],not_applicable,not_applicable
12550,joint_004,joint,train_recovery_confirmed,joint_004:train_recovery_confirmed,recovered,deterministic_replay,12500,50,[],not_applicable,not_applicable
12550,test_004,test,test_recovery_start,test_004:test_recovery_start,recovered,deterministic_replay,12500,50,[],not_applicable,not_applicable
12650,joint_004,joint,test_recovery_confirmed,joint_004:test_recovery_confirmed,recovered,deterministic_replay,12600,50,[],not_applicable,not_applicable
12650,test_004,test,test_recovery_confirmed,test_004:test_recovery_confirmed,recovered,deterministic_replay,12600,50,[],not_applicable,not_applicable
12700,joint_004,joint,post_recovery,joint_004:post_recovery,recovered,exact_checkpoint,,0,[],not_applicable,not_applicable
12700,test_004,test,post_recovery,test_004:post_recovery,recovered,exact_checkpoint,,0,[],not_applicable,not_applicable
14200,joint_005,joint,pre_collapse,joint_005:pre_collapse,recovered,exact_checkpoint,,0,[],not_applicable,not_applicable
14200,test_005,test,pre_collapse,test_005:pre_collapse,recovered,exact_checkpoint,,0,[],not_applicable,not_applicable
14250,joint_005,joint,onset,joint_005:onset,recovered,deterministic_replay,14200,50,[],not_applicable,not_applicable
14250,joint_005,joint,test_trough,joint_005:test_trough,recovered,deterministic_replay,14200,50,[],not_applicable,not_applicable
14250,joint_005,joint,train_trough,joint_005:train_trough,recovered,deterministic_replay,14200,50,[],not_applicable,not_applicable
14250,test_005,test,onset,test_005:onset,recovered,deterministic_replay,14200,50,[],not_applicable,not_applicable
14250,test_005,test,test_trough,test_005:test_trough,recovered,deterministic_replay,14200,50,[],not_applicable,not_applicable
14400,joint_005,joint,train_recovery_start,joint_005:train_recovery_start,recovered,exact_checkpoint,,0,[],not_applicable,not_applicable
14500,joint_005,joint,train_recovery_confirmed,joint_005:train_recovery_confirmed,recovered,exact_checkpoint,,0,[],not_applicable,not_applicable
14650,joint_005,joint,test_recovery_start,joint_005:test_recovery_start,recovered,deterministic_replay,14600,50,[],not_applicable,not_applicable
14650,test_005,test,test_recovery_start,test_005:test_recovery_start,recovered,deterministic_replay,14600,50,[],not_applicable,not_applicable
14750,joint_005,joint,test_recovery_confirmed,joint_005:test_recovery_confirmed,recovered,deterministic_replay,14700,50,[],not_applicable,not_applicable
14750,test_005,test,test_recovery_confirmed,test_005:test_recovery_confirmed,recovered,deterministic_replay,14700,50,[],not_applicable,not_applicable
14800,joint_005,joint,post_recovery,joint_005:post_recovery,recovered,exact_checkpoint,,0,[],not_applicable,not_applicable
14800,test_005,test,post_recovery,test_005:post_recovery,recovered,exact_checkpoint,,0,[],not_applicable,not_applicable
15300,joint_006,joint,pre_collapse,joint_006:pre_collapse,recovered,exact_checkpoint,,0,[],not_applicable,not_applicable
15300,test_006,test,pre_collapse,test_006:pre_collapse,recovered,exact_checkpoint,,0,[],not_applicable,not_applicable
15350,joint_006,joint,onset,joint_006:onset,recovered,deterministic_replay,15300,50,[],not_applicable,not_applicable
15350,joint_006,joint,test_trough,joint_006:test_trough,recovered,deterministic_replay,15300,50,[],not_applicable,not_applicable
15350,joint_006,joint,train_trough,joint_006:train_trough,recovered,deterministic_replay,15300,50,[],not_applicable,not_applicable
15350,test_006,test,onset,test_006:onset,recovered,deterministic_replay,15300,50,[],not_applicable,not_applicable
15350,test_006,test,test_trough,test_006:test_trough,recovered,deterministic_replay,15300,50,[],not_applicable,not_applicable
15550,joint_006,joint,train_recovery_start,joint_006:train_recovery_start,recovered,deterministic_replay,15500,50,[],not_applicable,not_applicable
15650,joint_006,joint,test_recovery_start,joint_006:test_recovery_start,recovered,deterministic_replay,15600,50,[],not_applicable,not_applicable
15650,joint_006,joint,train_recovery_confirmed,joint_006:train_recovery_confirmed,recovered,deterministic_replay,15600,50,[],not_applicable,not_applicable
15650,test_006,test,test_recovery_start,test_006:test_recovery_start,recovered,deterministic_replay,15600,50,[],not_applicable,not_applicable
15750,joint_006,joint,test_recovery_confirmed,joint_006:test_recovery_confirmed,recovered,deterministic_replay,15700,50,[],not_applicable,not_applicable
15750,test_006,test,test_recovery_confirmed,test_006:test_recovery_confirmed,recovered,deterministic_replay,15700,50,[],not_applicable,not_applicable
15800,joint_006,joint,post_recovery,joint_006:post_recovery,recovered,exact_checkpoint,,0,[],not_applicable,not_applicable
15800,test_006,test,post_recovery,test_006:post_recovery,recovered,exact_checkpoint,,0,[],not_applicable,not_applicable
17450,joint_007,joint,pre_collapse,joint_007:pre_collapse,recovered,deterministic_replay,17400,50,[],not_applicable,not_applicable
17450,test_007,test,pre_collapse,test_007:pre_collapse,recovered,deterministic_replay,17400,50,[],not_applicable,not_applicable
17500,joint_007,joint,onset,joint_007:onset,recovered,exact_checkpoint,,0,[],not_applicable,not_applicable
17500,joint_007,joint,test_trough,joint_007:test_trough,recovered,exact_checkpoint,,0,[],not_applicable,not_applicable
17500,joint_007,joint,train_trough,joint_007:train_trough,recovered,exact_checkpoint,,0,[],not_applicable,not_applicable
17500,test_007,test,onset,test_007:onset,recovered,exact_checkpoint,,0,[],not_applicable,not_applicable
17500,test_007,test,test_trough,test_007:test_trough,recovered,exact_checkpoint,,0,[],not_applicable,not_applicable
17700,joint_007,joint,train_recovery_start,joint_007:train_recovery_start,recovered,exact_checkpoint,,0,[],not_applicable,not_applicable
17800,joint_007,joint,train_recovery_confirmed,joint_007:train_recovery_confirmed,recovered,exact_checkpoint,,0,[],not_applicable,not_applicable
18150,joint_007,joint,test_recovery_start,joint_007:test_recovery_start,recovered,deterministic_replay,18100,50,[],not_applicable,not_applicable
18150,test_007,test,test_recovery_start,test_007:test_recovery_start,recovered,deterministic_replay,18100,50,[],not_applicable,not_applicable
18250,joint_007,joint,test_recovery_confirmed,joint_007:test_recovery_confirmed,recovered,deterministic_replay,18200,50,[],not_applicable,not_applicable
18250,test_007,test,test_recovery_confirmed,test_007:test_recovery_confirmed,recovered,deterministic_replay,18200,50,[],not_applicable,not_applicable
18300,joint_007,joint,post_recovery,joint_007:post_recovery,recovered,exact_checkpoint,,0,[],not_applicable,not_applicable
18300,joint_008,joint,pre_collapse,joint_008:pre_collapse,recovered,exact_checkpoint,,0,[],not_applicable,not_applicable
18300,test_007,test,post_recovery,test_007:post_recovery,recovered,exact_checkpoint,,0,[],not_applicable,not_applicable
18300,test_008,test,pre_collapse,test_008:pre_collapse,recovered,exact_checkpoint,,0,[],not_applicable,not_applicable
18350,joint_008,joint,onset,joint_008:onset,recovered,deterministic_replay,18300,50,[],not_applicable,not_applicable
18350,joint_008,joint,test_trough,joint_008:test_trough,recovered,deterministic_replay,18300,50,[],not_applicable,not_applicable
18350,joint_008,joint,train_trough,joint_008:train_trough,recovered,deterministic_replay,18300,50,[],not_applicable,not_applicable
18350,test_008,test,onset,test_008:onset,recovered,deterministic_replay,18300,50,[],not_applicable,not_applicable
18350,test_008,test,test_trough,test_008:test_trough,recovered,deterministic_replay,18300,50,[],not_applicable,not_applicable
18700,joint_008,joint,train_recovery_start,joint_008:train_recovery_start,recovered,exact_checkpoint,,0,[],not_applicable,not_applicable
18800,joint_008,joint,train_recovery_confirmed,joint_008:train_recovery_confirmed,recovered,exact_checkpoint,,0,[],not_applicable,not_applicable
20000,protocol,protocol,m1b_m1c_anchor,lineage:m1b_m1c_anchor,observed,exact_checkpoint,,0,"[""test_008""]",not_applicable,not_applicable
20050,protocol,protocol,m1c_first_replay,lineage:m1c_first_replay,observed,deterministic_replay,20000,50,"[""test_008""]",not_applicable,not_applicable
21300,joint_008,joint,test_recovery_start,joint_008:test_recovery_start,recovered,exact_checkpoint,,0,[],not_applicable,not_applicable
21300,test_008,test,test_recovery_start,test_008:test_recovery_start,recovered,exact_checkpoint,,0,[],not_applicable,not_applicable
21400,joint_008,joint,test_recovery_confirmed,joint_008:test_recovery_confirmed,recovered,exact_checkpoint,,0,[],not_applicable,not_applicable
21400,test_008,test,test_recovery_confirmed,test_008:test_recovery_confirmed,recovered,exact_checkpoint,,0,[],not_applicable,not_applicable
21450,joint_008,joint,post_recovery,joint_008:post_recovery,recovered,deterministic_replay,21400,50,[],not_applicable,not_applicable
21450,test_008,test,post_recovery,test_008:post_recovery,recovered,deterministic_replay,21400,50,[],not_applicable,not_applicable
21850,joint_009,joint,pre_collapse,joint_009:pre_collapse,recovered,deterministic_replay,21800,50,[],not_applicable,not_applicable
21850,test_009,test,pre_collapse,test_009:pre_collapse,recovered,deterministic_replay,21800,50,[],not_applicable,not_applicable
21900,joint_009,joint,onset,joint_009:onset,recovered,exact_checkpoint,,0,[],not_applicable,not_applicable
21900,test_009,test,onset,test_009:onset,recovered,exact_checkpoint,,0,[],not_applicable,not_applicable
22150,joint_009,joint,train_recovery_start,joint_009:train_recovery_start,recovered,deterministic_replay,22100,50,[],not_applicable,not_applicable
22250,joint_009,joint,train_recovery_confirmed,joint_009:train_recovery_confirmed,recovered,deterministic_replay,22200,50,[],not_applicable,not_applicable
23950,joint_009,joint,test_trough,joint_009:test_trough,recovered,deterministic_replay,23900,50,[],not_applicable,not_applicable
23950,joint_009,joint,train_trough,joint_009:train_trough,recovered,deterministic_replay,23900,50,[],not_applicable,not_applicable
23950,test_009,test,test_trough,test_009:test_trough,recovered,deterministic_replay,23900,50,[],not_applicable,not_applicable
25200,train_015,train,pre_collapse,train_015:pre_collapse,recovered,exact_checkpoint,,0,"[""test_009""]",not_applicable,not_applicable
25250,train_015,train,onset,train_015:onset,recovered,deterministic_replay,25200,50,"[""test_009""]",not_applicable,not_applicable
25250,train_015,train,train_trough,train_015:train_trough,recovered,deterministic_replay,25200,50,"[""test_009""]",not_applicable,not_applicable
25550,train_015,train,train_recovery_start,train_015:train_recovery_start,recovered,deterministic_replay,25500,50,"[""test_009""]",not_applicable,not_applicable
25650,train_015,train,train_recovery_confirmed,train_015:train_recovery_confirmed,recovered,deterministic_replay,25600,50,"[""test_009""]",not_applicable,not_applicable
25700,train_015,train,post_recovery,train_015:post_recovery,recovered,exact_checkpoint,,0,"[""test_009""]",not_applicable,not_applicable
27050,joint_009,joint,test_recovery_start,joint_009:test_recovery_start,recovered,deterministic_replay,27000,50,[],not_applicable,not_applicable
27050,test_009,test,test_recovery_start,test_009:test_recovery_start,recovered,deterministic_replay,27000,50,[],not_applicable,not_applicable
27150,joint_009,joint,test_recovery_confirmed,joint_009:test_recovery_confirmed,recovered,deterministic_replay,27100,50,[],not_applicable,not_applicable
27150,test_009,test,test_recovery_confirmed,test_009:test_recovery_confirmed,recovered,deterministic_replay,27100,50,[],not_applicable,not_applicable
27200,joint_009,joint,post_recovery,joint_009:post_recovery,recovered,exact_checkpoint,,0,[],not_applicable,not_applicable
27200,test_009,test,post_recovery,test_009:post_recovery,recovered,exact_checkpoint,,0,[],not_applicable,not_applicable
27250,joint_010,joint,pre_collapse,joint_010:pre_collapse,not_recovered,deterministic_replay,27200,50,[],not_applicable,not_applicable
27250,test_010,test,pre_collapse,test_010:pre_collapse,not_recovered,deterministic_replay,27200,50,[],not_applicable,not_applicable
27300,joint_010,joint,onset,joint_010:onset,not_recovered,exact_checkpoint,,0,[],not_applicable,not_applicable
27300,test_010,test,onset,test_010:onset,not_recovered,exact_checkpoint,,0,[],not_applicable,not_applicable
27550,joint_010,joint,train_recovery_start,joint_010:train_recovery_start,not_recovered,deterministic_replay,27500,50,[],not_applicable,not_applicable
27650,joint_010,joint,train_recovery_confirmed,joint_010:train_recovery_confirmed,not_recovered,deterministic_replay,27600,50,[],not_applicable,not_applicable
31400,joint_010,joint,test_trough,joint_010:test_trough,not_recovered,exact_checkpoint,,0,[],not_applicable,not_applicable
31400,joint_010,joint,train_trough,joint_010:train_trough,not_recovered,exact_checkpoint,,0,[],not_applicable,not_applicable
31400,test_010,test,test_trough,test_010:test_trough,not_recovered,exact_checkpoint,,0,[],not_applicable,not_applicable
48950,train_024,train,pre_collapse,train_024:pre_collapse,recovered,deterministic_replay,48900,50,"[""test_010""]",not_applicable,not_applicable
49000,train_024,train,onset,train_024:onset,recovered,exact_checkpoint,,0,"[""test_010""]",not_applicable,not_applicable
49200,train_024,train,train_trough,train_024:train_trough,recovered,exact_checkpoint,,0,"[""test_010""]",not_applicable,not_applicable
49250,train_024,train,train_recovery_start,train_024:train_recovery_start,recovered,deterministic_replay,49200,50,"[""test_010""]",not_applicable,not_applicable
49350,train_024,train,train_recovery_confirmed,train_024:train_recovery_confirmed,recovered,deterministic_replay,49300,50,"[""test_010""]",not_applicable,not_applicable
49400,train_024,train,post_recovery,train_024:post_recovery,recovered,exact_checkpoint,,0,"[""test_010""]",not_applicable,not_applicable
49900,train_026,train,pre_collapse,train_026:pre_collapse,not_recovered,exact_checkpoint,,0,"[""test_010""]",not_applicable,not_applicable
49950,train_026,train,onset,train_026:onset,not_recovered,deterministic_replay,49900,50,"[""test_010""]",not_applicable,not_applicable
49950,train_026,train,train_trough,train_026:train_trough,not_recovered,deterministic_replay,49900,50,"[""test_010""]",not_applicable,not_applicable
50000,joint_010,joint,terminal_unrecovered,joint_010:terminal_unrecovered,not_recovered,exact_checkpoint,,0,[],,
50000,protocol,protocol,terminal,protocol:terminal,observed,exact_checkpoint,,0,"[""test_010""]",not_applicable,not_applicable
50000,test_010,test,terminal_unrecovered,test_010:terminal_unrecovered,not_recovered,exact_checkpoint,,0,[],,
50000,train_026,train,terminal_unrecovered,train_026:terminal_unrecovered,not_recovered,exact_checkpoint,,0,"[""test_010""]",,
