step,train_accuracy,test_accuracy
50,0.2960403859615326,0.0
100,0.9992027878761292,0.00017711654072627425
150,1.0,0.0005313496221788228
200,1.0,0.0005313496221788228
250,1.0,0.0005313496221788228
300,1.0,0.0005313496221788228
350,1.0,0.000708466162905097
400,1.0,0.0008855827036313713
450,1.0,0.0008855827036313713
500,1.0,0.0010626992443576455
550,1.0,0.0010626992443576455
600,1.0,0.0008855827036313713
650,1.0,0.0008855827036313713
700,1.0,0.0008855827036313713
750,1.0,0.0008855827036313713
800,1.0,0.0012398157268762589
850,1.0,0.001416932325810194
900,1.0,0.0015940489247441292
950,1.0,0.0017711654072627425
1000,1.0,0.0017711654072627425
1050,1.0,0.0019482818897813559
1100,1.0,0.0019482818897813559
1150,1.0,0.002125398488715291
1200,1.0,0.002125398488715291
1250,1.0,0.002302515087649226
1300,1.0,0.0024796314537525177
1350,1.0,0.002656748052686453
1400,0.034546904265880585,0.002656748052686453
1450,0.06962529569864273,0.00017711654072627425
1500,0.2115333527326584,0.00017711654072627425
1550,0.707148551940918,0.00017711654072627425
1600,0.9997342824935913,0.00017711654072627425
1650,1.0,0.00017711654072627425
1700,1.0,0.0003542330814525485
1750,1.0,0.0003542330814525485
1800,1.0,0.0003542330814525485
1850,1.0,0.0005313496221788228
1900,1.0,0.0005313496221788228
1950,1.0,0.0005313496221788228
2000,1.0,0.0005313496221788228
2050,1.0,0.0005313496221788228
2100,1.0,0.0005313496221788228
2150,1.0,0.0005313496221788228
2200,1.0,0.0005313496221788228
2250,1.0,0.0008855827036313713
2300,1.0,0.0008855827036313713
2350,1.0,0.0008855827036313713
2400,1.0,0.0008855827036313713
2450,1.0,0.0010626992443576455
2500,1.0,0.0010626992443576455
2550,1.0,0.0010626992443576455
2600,1.0,0.0012398157268762589
2650,1.0,0.0017711654072627425
2700,1.0,0.0017711654072627425
2750,1.0,0.0017711654072627425
2800,1.0,0.002302515087649226
2850,1.0,0.0024796314537525177
2900,1.0,0.002656748052686453
2950,1.0,0.0024796314537525177
3000,1.0,0.002833864651620388
3050,1.0,0.003010981250554323
3100,1.0,0.0031880978494882584
3150,1.0,0.00336521421559155
3200,1.0,0.00336521421559155
3250,1.0,0.0031880978494882584
3300,1.0,0.002833864651620388
3350,1.0,0.003010981250554323
3400,1.0,0.00336521421559155
3450,0.01939941570162773,0.005667729303240776
3500,0.035609886050224304,0.0017711654072627425
3550,0.04251926764845848,0.0010626992443576455
3600,0.06245017424225807,0.0015940489247441292
3650,0.0911506786942482,0.001416932325810194
3700,0.1953228861093521,0.000708466162905097
3750,0.11931969225406647,0.0015940489247441292
3800,0.3778899908065796,0.003542330814525485
3850,0.7238905429840088,0.004959262907505035
3900,0.9314376711845398,0.006553311832249165
3950,0.995482325553894,0.00708466162905097
4000,1.0,0.008324477821588516
4050,1.0,0.008678710088133812
4100,1.0,0.009032943286001682
4150,1.0,0.009564293548464775
4200,1.0,0.010449876077473164
4250,1.0,0.0115125747397542
4300,1.0,0.010981225408613682
4350,1.0,0.0115125747397542
4400,1.0,0.012398158200085163
4450,1.0,0.013283740729093552
4500,1.0,0.012929507531225681
4550,1.0,0.013283740729093552
4600,1.0,0.013992207124829292
4650,1.0,0.013992207124829292
4700,1.0,0.015586255118250847
4750,1.0,0.01718030497431755
4800,1.0,0.017534537240862846
4850,1.0,0.018597235903143883
4900,1.0,0.018243003636598587
4950,1.0,0.020191285759210587
5000,1.0,0.021253984421491623
5050,1.0,0.022139567881822586
5100,1.0,0.023379383608698845
5150,1.0,0.025504782795906067
5200,1.0,0.027807297185063362
5250,1.0,0.028515763580799103
5300,1.0,0.030464045703411102
5350,1.0,0.030109811574220657
5400,1.0,0.03152674436569214
5450,1.0,0.031880978494882584
5500,1.0,0.03223520889878273
5550,1.0,0.035246193408966064
5600,1.0,0.037194471806287766
5650,1.0,0.0363088920712471
5700,1.0,0.035954657942056656
5750,1.0,0.03772582486271858
5800,1.0,0.039851222187280655
5850,0.02125963382422924,0.006376195698976517
5900,0.038001593202352524,0.008501593954861164
5950,0.17459474503993988,0.02975557930767536
6000,0.6577199101448059,0.24424371123313904
6050,0.9981397986412048,0.7040382623672485
6100,1.0,0.8188097476959229
6150,1.0,0.8577753901481628
6200,1.0,0.8827488422393799
6250,1.0,0.8990435600280762
6300,1.0,0.911795973777771
6350,1.0,0.9226000308990479
6400,1.0,0.9330499172210693
6450,1.0,0.9424371123313904
6500,1.0,0.9512929320335388
6550,1.0,0.9569606781005859
6600,1.0,0.9617428183555603
6650,1.0,0.9682961106300354
6700,1.0,0.974141001701355
6750,1.0,0.978214681148529
6800,1.0,0.9821112155914307
6850,1.0,0.9833510518074036
6900,1.0,0.9858306646347046
6950,1.0,0.989372968673706
7000,1.0,0.9904357194900513
7050,1.0,0.9911441802978516
7100,1.0,0.9923839569091797
7150,1.0,0.9936237931251526
7200,1.0,0.9936237931251526
7250,1.0,0.9948636293411255
7300,1.0,0.9952178597450256
7350,0.02471432462334633,0.016294721513986588
7400,0.24528302252292633,0.1452355682849884
7450,0.9715652465820312,0.8333333134651184
7500,1.0,0.9739638566970825
7550,1.0,0.9817569851875305
7600,1.0,0.9858306646347046
7650,1.0,0.9890187382698059
7700,1.0,0.9927381873130798
7750,1.0,0.9941551685333252
7800,1.0,0.9952178597450256
7850,1.0,0.9961034059524536
7900,1.0,0.9973432421684265
7950,1.0,0.9976974725723267
8000,1.0,0.9980517029762268
8050,1.0,0.9989373087882996
8100,1.0,0.9992915391921997
8150,1.0,0.9994686245918274
8200,1.0,0.9998228549957275
8250,1.0,0.9998228549957275
8300,1.0,0.9998228549957275
8350,1.0,0.9998228549957275
8400,1.0,0.9998228549957275
8450,0.1543980836868286,0.1115834191441536
8500,0.9441934823989868,0.8522847890853882
8550,1.0,0.989372968673706
8600,1.0,0.9953949451446533
8650,1.0,0.998405933380127
8700,1.0,0.9989373087882996
8750,1.0,0.9991143941879272
8800,1.0,0.9994686245918274
8850,1.0,0.9994686245918274
8900,1.0,0.9994686245918274
8950,1.0,0.9998228549957275
9000,1.0,0.9998228549957275
9050,1.0,0.9998228549957275
9100,1.0,0.9998228549957275
9150,1.0,0.9998228549957275
9200,1.0,0.9998228549957275
9250,1.0,1.0
9300,1.0,1.0
9350,1.0,1.0
9400,1.0,1.0
9450,1.0,1.0
9500,1.0,1.0
9550,1.0,0.9998228549957275
9600,1.0,0.9998228549957275
9650,1.0,0.9998228549957275
9700,1.0,0.9998228549957275
9750,1.0,0.9998228549957275
9800,1.0,0.9998228549957275
9850,1.0,0.9998228549957275
9900,1.0,0.9998228549957275
9950,1.0,0.9998228549957275
10000,1.0,0.9998228549957275
10050,0.08344405889511108,0.0733262449502945
10100,0.8232793211936951,0.7332624793052673
10150,1.0,0.9916754961013794
10200,1.0,0.997166097164154
10250,1.0,0.9987601637840271
10300,1.0,0.9992915391921997
10350,1.0,0.9996457695960999
10400,1.0,0.9998228549957275
10450,1.0,1.0
10500,1.0,1.0
10550,1.0,1.0
10600,1.0,1.0
10650,1.0,1.0
10700,1.0,1.0
10750,1.0,1.0
10800,1.0,1.0
10850,1.0,1.0
10900,1.0,1.0
10950,1.0,1.0
11000,1.0,1.0
11050,1.0,1.0
11100,1.0,1.0
11150,1.0,1.0
11200,1.0,1.0
11250,1.0,1.0
11300,1.0,1.0
11350,1.0,1.0
11400,1.0,1.0
11450,1.0,1.0
11500,1.0,1.0
11550,1.0,1.0
11600,1.0,1.0
11650,1.0,1.0
11700,1.0,1.0
11750,1.0,1.0
11800,1.0,1.0
11850,1.0,1.0
11900,1.0,1.0
11950,1.0,1.0
12000,1.0,1.0
12050,1.0,1.0
12100,1.0,1.0
12150,1.0,1.0
12200,1.0,1.0
12250,1.0,1.0
12300,1.0,1.0
12350,0.26866862177848816,0.21625930070877075
12400,0.9792718887329102,0.9385405778884888
12450,1.0,0.9842365980148315
12500,1.0,0.9888416528701782
12550,1.0,0.9920297265052795
12600,1.0,0.9934466481208801
12650,1.0,0.9943322539329529
12700,1.0,0.9966347813606262
12750,1.0,0.9989373087882996
12800,1.0,0.9994686245918274
12850,1.0,0.9996457695960999
12900,1.0,0.9998228549957275
12950,1.0,1.0
13000,1.0,1.0
13050,1.0,1.0
13100,1.0,1.0
13150,1.0,1.0
13200,1.0,1.0
13250,1.0,1.0
13300,1.0,1.0
13350,1.0,1.0
13400,1.0,1.0
13450,1.0,1.0
13500,1.0,1.0
13550,1.0,1.0
13600,1.0,1.0
13650,1.0,1.0
13700,1.0,1.0
13750,1.0,1.0
13800,1.0,1.0
13850,1.0,1.0
13900,1.0,1.0
13950,1.0,1.0
14000,1.0,1.0
14050,1.0,1.0
14100,1.0,1.0
14150,1.0,1.0
14200,1.0,1.0
14250,0.01860217936336994,0.01452355645596981
14300,0.49322348833084106,0.4117959439754486
14350,0.9768801331520081,0.9162238836288452
14400,0.9997342824935913,0.9693588018417358
14450,1.0,0.9787459969520569
14500,1.0,0.982819676399231
14550,1.0,0.9867162704467773
14600,1.0,0.989372968673706
14650,1.0,0.992206871509552
14700,1.0,0.9945093989372253
14750,1.0,0.9955720901489258
14800,1.0,0.9961034059524536
14850,1.0,0.9973432421684265
14900,1.0,0.9982288479804993
14950,1.0,0.9985830783843994
15000,1.0,0.9992915391921997
15050,1.0,0.9996457695960999
15100,1.0,0.9998228549957275
15150,1.0,0.9998228549957275
15200,1.0,0.9998228549957275
15250,1.0,0.9998228549957275
15300,1.0,0.9998228549957275
15350,0.02710603177547455,0.0288699958473444
15400,0.15944725275039673,0.1284094899892807
15450,0.3669944107532501,0.33227062225341797
15500,0.9747542142868042,0.9385405778884888
15550,1.0,0.9838823676109314
15600,1.0,0.9874247312545776
15650,1.0,0.9902585744857788
15700,1.0,0.9918526411056519
15750,1.0,0.9920297265052795
15800,1.0,0.9927381873130798
15850,1.0,0.99309241771698
15900,1.0,0.9941551685333252
15950,1.0,0.9948636293411255
16000,1.0,0.9957491755485535
16050,1.0,0.9968118667602539
16100,1.0,0.9969890117645264
16150,1.0,0.9976974725723267
16200,1.0,0.998405933380127
16250,1.0,0.9985830783843994
16300,1.0,0.9991143941879272
16350,1.0,0.9991143941879272
16400,1.0,0.9996457695960999
16450,1.0,0.9996457695960999
16500,1.0,0.9998228549957275
16550,1.0,0.9998228549957275
16600,1.0,0.9998228549957275
16650,1.0,0.9998228549957275
16700,1.0,1.0
16750,1.0,1.0
16800,1.0,1.0
16850,1.0,1.0
16900,1.0,1.0
16950,1.0,1.0
17000,1.0,1.0
17050,1.0,1.0
17100,1.0,1.0
17150,1.0,1.0
17200,1.0,1.0
17250,1.0,1.0
17300,1.0,1.0
17350,1.0,1.0
17400,1.0,1.0
17450,1.0,1.0
17500,0.06510762870311737,0.048352815210819244
17550,0.3260696232318878,0.2380446344614029
17600,0.5803880095481873,0.5079702138900757
17650,0.9806005954742432,0.9091392159461975
17700,1.0,0.9721927046775818
17750,1.0,0.9778604507446289
17800,1.0,0.9798086881637573
17850,1.0,0.9822883605957031
17900,1.0,0.9835281372070312
17950,1.0,0.9849450588226318
18000,1.0,0.9865391254425049
18050,1.0,0.9874247312545776
18100,1.0,0.9890187382698059
18150,1.0,0.9902585744857788
18200,1.0,0.9911441802978516
18250,1.0,0.9913212656974792
18300,1.0,0.9916754961013794
18350,0.030826468020677567,0.025327665731310844
18400,0.22694659233093262,0.16684378683567047
18450,0.556205153465271,0.4831739366054535
18500,0.5168748497962952,0.457137793302536
18550,0.9468508958816528,0.8698193430900574
18600,0.9909646511077881,0.9284449219703674
18650,0.998671293258667,0.9486361742019653
18700,0.9997342824935913,0.9587318301200867
18750,0.9997342824935913,0.9615656733512878
18800,0.9997342824935913,0.9670563340187073
18850,1.0,0.9690045714378357
18900,1.0,0.9714842438697815
18950,1.0,0.9737867116928101
19000,1.0,0.9752036929130554
19050,1.0,0.976620614528656
19100,1.0,0.9780375361442566
19150,1.0,0.9806942939758301
19200,1.0,0.9824654459953308
19250,1.0,0.9835281372070312
19300,1.0,0.984413743019104
19350,1.0,0.9845908284187317
19400,1.0,0.9847679734230042
19450,1.0,0.986007809638977
19500,1.0,0.9861848950386047
19550,1.0,0.9876018166542053
19600,1.0,0.9879560470581055
19650,1.0,0.9881331920623779
19700,1.0,0.9883102774620056
19750,1.0,0.9888416528701782
19800,1.0,0.9890187382698059
19850,1.0,0.989372968673706
19900,1.0,0.989727258682251
19950,1.0,0.989372968673706
20000,1.0,0.989727258682251
20050,1.0,0.9900814890861511
20100,0.032686688005924225,0.035954657942056656
20150,0.10496944189071655,0.07208643108606339
20200,0.18283285200595856,0.133014515042305
20250,0.4966781735420227,0.4468650221824646
20300,0.8442732095718384,0.7522139549255371
20350,0.9612011909484863,0.8800920844078064
20400,0.9936221241950989,0.9342897534370422
20450,0.9992027878761292,0.9502302408218384
20500,1.0,0.9608572125434875
20550,1.0,0.9682961106300354
20600,1.0,0.9709528684616089
20650,1.0,0.9737867116928101
20700,1.0,0.9760892391204834
20750,1.0,0.9773290753364563
20800,1.0,0.9780375361442566
20850,1.0,0.9789231419563293
20900,1.0,0.9806942939758301
20950,1.0,0.9808713793754578
21000,1.0,0.9815798401832581
21050,1.0,0.9826425909996033
21100,1.0,0.9835281372070312
21150,1.0,0.9858306646347046
21200,1.0,0.9865391254425049
21250,1.0,0.9884874224662781
21300,1.0,0.9902585744857788
21350,1.0,0.9911441802978516
21400,1.0,0.9923839569091797
21450,1.0,0.9939780235290527
21500,1.0,0.9948636293411255
21550,1.0,0.9953949451446533
21600,1.0,0.9959263205528259
21650,1.0,0.9959263205528259
21700,1.0,0.9969890117645264
21750,1.0,0.9987601637840271
21800,1.0,0.9992915391921997
21850,1.0,0.9994686245918274
21900,0.07812914997339249,0.06393907219171524
21950,0.6760563254356384,0.5896209478378296
22000,0.560722827911377,0.5157633423805237
22050,0.9837895631790161,0.9280906915664673
22100,0.9981397986412048,0.9615656733512878
22150,1.0,0.9734324812889099
22200,1.0,0.9787459969520569
22250,1.0,0.9799858331680298
22300,1.0,0.9814027547836304
22350,1.0,0.982819676399231
22400,1.0,0.9840595126152039
22450,1.0,0.9856535196304321
22500,1.0,0.9858306646347046
22550,1.0,0.9876018166542053
22600,1.0,0.9883102774620056
22650,1.0,0.9890187382698059
22700,1.0,0.989372968673706
22750,1.0,0.9899043440818787
22800,1.0,0.9891958832740784
22850,1.0,0.9886645078659058
22900,1.0,0.9876018166542053
22950,1.0,0.9872475862503052
23000,1.0,0.9867162704467773
23050,1.0,0.985299289226532
23100,1.0,0.9840595126152039
23150,1.0,0.9837052822113037
23200,1.0,0.9815798401832581
23250,1.0,0.9796316027641296
23300,1.0,0.9769748449325562
23350,1.0,0.9752036929130554
23400,1.0,0.9748494625091553
23450,1.0,0.9729011654853821
23500,1.0,0.9727240204811096
23550,1.0,0.9727240204811096
23600,1.0,0.9716613292694092
23650,1.0,0.9720155596733093
23700,1.0,0.9714842438697815
23750,1.0,0.9705986380577087
23800,1.0,0.9705986380577087
23850,1.0,0.9709528684616089
23900,1.0,0.9702444076538086
23950,0.04172202944755554,0.03772582486271858
24000,0.13313844799995422,0.09103789925575256
24050,0.31783151626586914,0.21909315884113312
24100,0.5240499377250671,0.4293304979801178
24150,0.7600318789482117,0.6687920689582825
24200,0.9726282358169556,0.8907190561294556
24250,0.9992027878761292,0.9436769485473633
24300,1.0,0.9603258967399597
24350,1.0,0.9667021036148071
24400,1.0,0.9702444076538086
24450,1.0,0.9698901772499084
24500,1.0,0.9721927046775818
24550,1.0,0.9730782508850098
24600,1.0,0.9746723175048828
24650,1.0,0.9755579233169556
24700,1.0,0.9764434695243835
24750,1.0,0.9760892391204834
24800,1.0,0.9757350087165833
24850,1.0,0.9755579233169556
24900,1.0,0.9753807783126831
24950,1.0,0.9732553958892822
25000,1.0,0.9729011654853821
25050,1.0,0.9730782508850098
25100,1.0,0.9723697900772095
25150,1.0,0.9716613292694092
25200,1.0,0.9693588018417358
25250,0.07281424105167389,0.07031526416540146
25300,0.32155194878578186,0.24566064774990082
25350,0.6045708060264587,0.48919588327407837
25400,0.8695189952850342,0.7920651435852051
25450,0.9340951442718506,0.8786751627922058
25500,0.996811032295227,0.9574919939041138
25550,1.0,0.9709528684616089
25600,1.0,0.9753807783126831
25650,1.0,0.9764434695243835
25700,1.0,0.9787459969520569
25750,1.0,0.9815798401832581
25800,1.0,0.9833510518074036
25850,1.0,0.9854764342308044
25900,1.0,0.9856535196304321
25950,1.0,0.9863620400428772
26000,1.0,0.986893355846405
26050,1.0,0.9870705008506775
26100,1.0,0.9874247312545776
26150,1.0,0.9879560470581055
26200,1.0,0.9881331920623779
26250,1.0,0.9883102774620056
26300,1.0,0.9886645078659058
26350,1.0,0.9884874224662781
26400,1.0,0.9883102774620056
26450,1.0,0.9881331920623779
26500,1.0,0.9888416528701782
26550,1.0,0.9890187382698059
26600,1.0,0.989372968673706
26650,1.0,0.989372968673706
26700,1.0,0.9900814890861511
26750,1.0,0.9895501136779785
26800,1.0,0.9891958832740784
26850,1.0,0.9890187382698059
26900,1.0,0.9891958832740784
26950,1.0,0.9895501136779785
27000,1.0,0.989727258682251
27050,1.0,0.9902585744857788
27100,1.0,0.9907899498939514
27150,1.0,0.9907899498939514
27200,1.0,0.9911441802978516
27250,0.9997342824935913,0.9867162704467773
27300,0.08689875155687332,0.06925256550312042
27350,0.21233059465885162,0.1847325563430786
27400,0.718044102191925,0.6121147871017456
27450,0.9582780003547668,0.8754870891571045
27500,0.9989370107650757,0.9387176632881165
27550,1.0,0.9470421671867371
27600,1.0,0.9511158466339111
27650,1.0,0.9523556232452393
27700,1.0,0.9573149085044861
27750,1.0,0.959440290927887
27800,1.0,0.9617428183555603
27850,1.0,0.9631597399711609
27900,1.0,0.9661707282066345
27950,1.0,0.968827486038208
28000,1.0,0.970421552658081
28050,1.0,0.9716613292694092
28100,1.0,0.9732553958892822
28150,1.0,0.9746723175048828
28200,1.0,0.9753807783126831
28250,1.0,0.9771519303321838
28300,1.0,0.9780375361442566
28350,1.0,0.9776833057403564
28400,1.0,0.9780375361442566
28450,1.0,0.978214681148529
28500,1.0,0.9785689115524292
28550,1.0,0.9783917665481567
28600,0.01966516114771366,0.019482819363474846
28650,0.18123836815357208,0.16914629936218262
28700,0.11506776511669159,0.10024796426296234
28750,0.7677385210990906,0.7049238085746765
28800,0.9604039192199707,0.9103789925575256
28850,0.9978740215301514,0.937654972076416
28900,1.0,0.943854033946991
28950,1.0,0.9489904046058655
29000,1.0,0.9509387016296387
29050,1.0,0.9544810652732849
29100,1.0,0.9560750722885132
29150,1.0,0.9590860605239868
29200,1.0,0.9605029821395874
29250,1.0,0.961919903755188
29300,1.0,0.9628055095672607
29350,1.0,0.9640453457832336
29400,1.0,0.9651080369949341
29450,1.0,0.9667021036148071
29500,1.0,0.967233419418335
29550,1.0,0.9677647948265076
29600,1.0,0.9682961106300354
29650,1.0,0.9691817164421082
29700,1.0,0.9702444076538086
29750,1.0,0.9700673222541809
29800,1.0,0.9711300134658813
29850,1.0,0.9718384742736816
29900,1.0,0.9730782508850098
29950,1.0,0.9746723175048828
30000,1.0,0.9752036929130554
30050,1.0,0.9759121537208557
30100,1.0,0.9776833057403564
30150,1.0,0.979100227355957
30200,1.0,0.9792773723602295
30250,1.0,0.9794544577598572
30300,1.0,0.9794544577598572
30350,1.0,0.9794544577598572
30400,1.0,0.9805171489715576
30450,1.0,0.9814027547836304
30500,1.0,0.9815798401832581
30550,1.0,0.981934130191803
30600,1.0,0.9829968214035034
30650,1.0,0.9831739068031311
30700,1.0,0.9838823676109314
30750,1.0,0.984413743019104
30800,1.0,0.9847679734230042
30850,1.0,0.9856535196304321
30900,1.0,0.986007809638977
30950,1.0,0.9867162704467773
31000,1.0,0.9870705008506775
31050,1.0,0.9870705008506775
31100,1.0,0.9872475862503052
31150,1.0,0.986893355846405
31200,1.0,0.986893355846405
31250,1.0,0.9876018166542053
31300,1.0,0.9874247312545776
31350,1.0,0.986893355846405
31400,0.0191336702555418,0.01416932325810194
31450,0.032686688005924225,0.023379383608698845
31500,0.05075737461447716,0.029932694509625435
31550,0.08344405889511108,0.05543747544288635
31600,0.12038267403841019,0.08802691847085953
31650,0.25405260920524597,0.1705632358789444
31700,0.5001328587532043,0.37708112597465515
31750,0.615997850894928,0.4975203573703766
31800,0.9162902235984802,0.7842720150947571
31850,0.881743311882019,0.7608926296234131
31900,0.9843209981918335,0.8685795068740845
31950,0.9242625832557678,0.7987955808639526
32000,0.9984055161476135,0.9034714698791504
32050,1.0,0.9148069620132446
32100,1.0,0.9229543209075928
32150,1.0,0.9247254729270935
32200,1.0,0.927382230758667
32250,1.0,0.9312787652015686
32300,1.0,0.9339355230331421
32350,1.0,0.9353524446487427
32400,1.0,0.9378320574760437
32450,1.0,0.9380092024803162
32500,1.0,0.9397803544998169
32550,1.0,0.9426142573356628
32600,1.0,0.9436769485473633
32650,1.0,0.9461565613746643
32700,1.0,0.9465107917785645
32750,1.0,0.9488133192062378
32800,0.02338559739291668,0.023379383608698845
32850,0.1227743849158287,0.09227772057056427
32900,0.30826467275619507,0.22617782652378082
32950,0.45761361718177795,0.35972368717193604
33000,0.40473026037216187,0.3386468291282654
33050,0.6401807069778442,0.5049592852592468
33100,0.5846399068832397,0.47573503851890564
33150,0.7408982515335083,0.5809422731399536
33200,0.7339888215065002,0.5775770545005798
33250,0.8788201212882996,0.7105915546417236
33300,0.9949508309364319,0.9052426218986511
33350,1.0,0.9553666114807129
33400,0.16024447977542877,0.15125752985477448
33450,0.5259101986885071,0.4442082941532135
33500,0.8705819845199585,0.7424725294113159
33550,0.9596067070960999,0.8404179811477661
33600,0.983258068561554,0.8673396706581116
33650,0.996811032295227,0.8981579542160034
33700,1.0,0.9259652495384216
33750,1.0,0.9500530958175659
33800,1.0,0.963513970375061
33850,1.0,0.9721927046775818
33900,1.0,0.9762663841247559
33950,1.0,0.9794544577598572
34000,1.0,0.982819676399231
34050,1.0,0.9838823676109314
34100,1.0,0.9838823676109314
34150,0.1506776511669159,0.129117950797081
34200,0.2761094868183136,0.2405242621898651
34250,0.16210471093654633,0.13832801580429077
34300,0.8347063660621643,0.7422954440116882
34350,0.611480176448822,0.5598653554916382
34400,0.6922668218612671,0.6494863629341125
34450,0.8655328154563904,0.787105917930603
34500,0.9686420559883118,0.9082536101341248
34550,0.7544512152671814,0.6918172240257263
34600,0.7369120121002197,0.6746369004249573
34650,0.9117725491523743,0.8450230360031128
34700,0.8184958696365356,0.7557562589645386
34750,0.8780228495597839,0.8111937642097473
34800,0.9906989336013794,0.9397803544998169
34850,0.9588094353675842,0.8983350992202759
34900,0.8546372652053833,0.7789585590362549
34950,0.50093013048172,0.47821465134620667
35000,0.9891044497489929,0.9319872260093689
35050,0.998671293258667,0.9590860605239868
35100,0.9922933578491211,0.940134584903717
35150,0.20914164185523987,0.1939426064491272
35200,0.9928248524665833,0.9651080369949341
35250,0.998671293258667,0.9617428183555603
35300,0.8517140746116638,0.7809068560600281
35350,0.998671293258667,0.9636911153793335
35400,0.9665160775184631,0.9052426218986511
35450,0.9912304282188416,0.9311016798019409
35500,0.9984055161476135,0.9566064476966858
35550,0.9989370107650757,0.9580233693122864
35600,0.6821684837341309,0.6335458755493164
35650,0.9952166080474854,0.9716613292694092
35700,0.9978740215301514,0.974141001701355
35750,0.9885729551315308,0.9337583780288696
35800,0.9984055161476135,0.9606801271438599
35850,0.8700504899024963,0.784626305103302
35900,0.994153618812561,0.929861843585968
35950,0.9978740215301514,0.9427913427352905
36000,0.9984055161476135,0.9488133192062378
36050,0.8036141395568848,0.732554018497467
36100,0.9856497645378113,0.9172865748405457
36150,0.9981397986412048,0.9461565613746643
36200,0.9984055161476135,0.9465107917785645
36250,0.92479407787323,0.8331562280654907
36300,0.9981397986412048,0.9419057369232178
36350,0.8176986575126648,0.7327311038970947
36400,0.9978740215301514,0.9369465112686157
36450,0.998671293258667,0.9419057369232178
36500,0.25033217668533325,0.22493800520896912
36550,0.9949508309364319,0.9215373396873474
36600,0.9984055161476135,0.9295076131820679
36650,0.9984055161476135,0.9325186014175415
36700,0.15811851620674133,0.1478923112154007
36750,0.9720967411994934,0.8949698805809021
36800,0.9962795972824097,0.9445624947547913
36850,0.654530942440033,0.5591568946838379
36900,0.9976083040237427,0.9394261240959167
36950,0.998671293258667,0.9396032691001892
37000,0.7836832404136658,0.6927027702331543
37050,0.9984055161476135,0.9312787652015686
37100,0.9992027878761292,0.9341126084327698
37150,0.7664097547531128,0.6689691543579102
37200,0.9962795972824097,0.9202975630760193
37250,0.9572150111198425,0.8476797342300415
37300,0.9976083040237427,0.9190577268600464
37350,0.9994685053825378,0.9236627817153931
37400,0.9994685053825378,0.9259652495384216
37450,0.13951633870601654,0.14346440136432648
37500,0.6670209765434265,0.5942260026931763
37550,0.964655876159668,0.897095263004303
37600,0.9811320900917053,0.9178178906440735
37650,0.9973425269126892,0.951647162437439
37700,0.9370183348655701,0.858129620552063
37750,0.9944193363189697,0.9427913427352905
37800,0.9976083040237427,0.9319872260093689
37850,0.45920807123184204,0.38416576385498047
37900,0.9989370107650757,0.9332270622253418
37950,0.3962264060974121,0.34024086594581604
38000,0.9973425269126892,0.9238398671150208
38050,0.8450704216957092,0.7601841688156128
38100,0.9984055161476135,0.9249025583267212
38150,0.9997342824935913,0.9293304681777954
38200,0.9997342824935913,0.9295076131820679
38250,0.2710603177547455,0.23521076142787933
38300,0.9487111568450928,0.8591923117637634
38350,0.8652670979499817,0.7731137275695801
38400,0.9976083040237427,0.9277364611625671
38450,0.9984055161476135,0.9300389289855957
38500,0.9997342824935913,0.9355295896530151
38550,0.9997342824935913,0.9365922808647156
38600,0.7090087532997131,0.6176053881645203
38650,0.9925591349601746,0.9061282277107239
38700,0.9978740215301514,0.925788164138794
38750,0.9739569425582886,0.8786751627922058
38800,0.9984055161476135,0.9236627817153931
38850,0.9981397986412048,0.9240170121192932
38900,0.9984055161476135,0.920474648475647
38950,0.9992027878761292,0.9190577268600464
39000,0.9997342824935913,0.9208288788795471
39050,0.9997342824935913,0.9188806414604187
39100,0.9997342824935913,0.9171094298362732
39150,0.15625829994678497,0.13071200251579285
39200,0.6789795160293579,0.5812965035438538
39250,0.9633271098136902,0.8802692294120789
39300,0.9864469766616821,0.9254339337348938
39350,0.8554344773292542,0.7805525660514832
39400,0.30321553349494934,0.26620617508888245
39450,0.998671293258667,0.9472192525863647
39500,0.8259367346763611,0.728480339050293
39550,0.998671293258667,0.9411972761154175
39600,0.9835237860679626,0.9071909189224243
39650,0.9992027878761292,0.9399574995040894
39700,0.5809195041656494,0.5166489481925964
39750,0.9946851134300232,0.9217144846916199
39800,0.9965453147888184,0.9234856367111206
39850,0.9989370107650757,0.9397803544998169
39900,0.9992027878761292,0.9442082643508911
39950,0.5025245547294617,0.45678356289863586
40000,0.9936221241950989,0.9169323444366455
40050,0.9978740215301514,0.9312787652015686
40100,0.9997342824935913,0.9380092024803162
40150,0.8865267038345337,0.7863974571228027
40200,0.9994685053825378,0.9319872260093689
40250,1.0,0.932341456413269
40300,1.0,0.9319872260093689
40350,0.5182035565376282,0.43889477849006653
40400,0.980069100856781,0.8792064785957336
40450,0.9925591349601746,0.908962070941925
40500,0.9957481026649475,0.9164009690284729
40550,0.9957481026649475,0.9178178906440735
40600,0.9976083040237427,0.9139213562011719
40650,0.998671293258667,0.9132128953933716
40700,0.9989370107650757,0.9075451493263245
40750,0.9994685053825378,0.9041799306869507
40800,0.07414297014474869,0.07686857879161835
40850,0.027371777221560478,0.020722635090351105
40900,0.07361148297786713,0.054906126111745834
40950,0.28169015049934387,0.2029755562543869
41000,0.22163167595863342,0.20049592852592468
41050,0.7119319438934326,0.6020191311836243
41100,0.8495880961418152,0.7364505529403687
41150,0.8647356033325195,0.7678002119064331
41200,0.8931703567504883,0.7987955808639526
41250,0.7977677583694458,0.7240524291992188
41300,0.9792718887329102,0.9022316336631775
41350,0.8049428462982178,0.7213956713676453
41400,0.9861812591552734,0.9125044345855713
41450,0.9420675039291382,0.8455543518066406
41500,0.9912304282188416,0.9185263514518738
41550,0.4756842851638794,0.45430392026901245
41600,0.9811320900917053,0.8921360373497009
41650,0.9922933578491211,0.9172865748405457
41700,0.996811032295227,0.9249025583267212
41750,0.7217645645141602,0.6284095048904419
41800,0.9612011909484863,0.865922749042511
41850,0.8285942077636719,0.7263549566268921
41900,0.9848524928092957,0.8999291658401489
41950,0.9920276403427124,0.9112645983695984
42000,0.9952166080474854,0.9148069620132446
42050,0.9981397986412048,0.9165781140327454
42100,0.9984055161476135,0.9201204180717468
42150,0.998671293258667,0.917995035648346
42200,0.9994685053825378,0.9178178906440735
42250,0.3715120851993561,0.31880977749824524
42300,0.8825405240058899,0.7929507493972778
42350,0.9657188653945923,0.8629117608070374
42400,0.9843209981918335,0.8882394433021545
42450,0.9917619228363037,0.894615650177002
42500,0.9949508309364319,0.8985121846199036
42550,0.9962795972824097,0.9004604816436768
42600,0.9970768094062805,0.9001062512397766
42650,0.9973425269126892,0.8947927355766296
42700,0.9981397986412048,0.8885936737060547
42750,0.9808663129806519,0.8570669293403625
42800,0.3948976993560791,0.3172157108783722
42850,0.7581716775894165,0.6486007571220398
42900,0.866330087184906,0.7585901618003845
42950,0.9452564716339111,0.8290825486183167
43000,0.9720967411994934,0.858129620552063
43050,0.9853839874267578,0.8684024214744568
43100,0.834972083568573,0.723166823387146
43150,0.9593409299850464,0.8377612233161926
43200,0.9798033237457275,0.8593694567680359
43250,0.9891044497489929,0.8637973666191101
43300,0.9928248524665833,0.8692879676818848
43350,0.995482325553894,0.8714134097099304
43400,0.9965453147888184,0.8680481910705566
43450,0.4065904915332794,0.3120793402194977
43500,0.8001594543457031,0.6868579387664795
43550,0.9141642451286316,0.7943676710128784
43600,0.9550890326499939,0.8352816104888916
43650,0.9670475721359253,0.8382925987243652
43700,0.886260986328125,0.7630180716514587
43750,0.9545575380325317,0.8241232633590698
43800,0.9718309640884399,0.8390010595321655
43850,0.9077863693237305,0.7697485089302063
43900,0.9782088994979858,0.8457314968109131
43950,0.9872442483901978,0.8588380813598633
44000,0.9896359443664551,0.8623804450035095
44050,0.9922933578491211,0.8611406087875366
44100,0.9949508309364319,0.8593694567680359
44150,0.9960138201713562,0.8588380813598633
44200,0.9973425269126892,0.8599008321762085
44250,0.9981397986412048,0.857244074344635
44300,0.9981397986412048,0.8574211597442627
44350,0.9989370107650757,0.8542330861091614
44400,0.10364071279764175,0.08802691847085953
44450,0.5787935256958008,0.4656393826007843
44500,0.8692532777786255,0.7750619649887085
44550,0.745681643486023,0.6544455885887146
44600,0.9407387971878052,0.8469712734222412
44650,0.9683762788772583,0.8854056000709534
44700,0.9827265739440918,0.9059510827064514
44750,0.9904331564903259,0.9174636602401733
44800,0.9960138201713562,0.9275593161582947
44850,0.9992027878761292,0.9342897534370422
44900,1.0,0.9373007416725159
44950,1.0,0.9390718936920166
45000,1.0,0.9424371123313904
45050,1.0,0.9447396397590637
45100,1.0,0.9468650221824646
45150,1.0,0.9495217800140381
45200,1.0,0.9484590888023376
45250,1.0,0.9484590888023376
45300,1.0,0.9481048583984375
45350,1.0,0.9489904046058655
45400,1.0,0.950761616230011
45450,1.0,0.9527098536491394
45500,1.0,0.9528869986534119
45550,1.0,0.9528869986534119
45600,1.0,0.951647162437439
45650,0.01993090659379959,0.01842012070119381
45700,0.07494020462036133,0.05118668079376221
45750,0.10257773101329803,0.09670563042163849
45800,0.3725750744342804,0.33049947023391724
45850,0.6811054944992065,0.5738576054573059
45900,0.7953760623931885,0.7146652340888977
45950,0.7512623071670532,0.6818986535072327
46000,0.7403667569160461,0.6712716817855835
46050,0.8169013857841492,0.7522139549255371
46100,0.6117459535598755,0.5533120632171631
46150,0.4690406620502472,0.44597944617271423
46200,0.965984582901001,0.9268508553504944
46250,0.3845336139202118,0.35954657196998596
46300,0.9521658420562744,0.9096705317497253
46350,0.965984582901001,0.9436769485473633
46400,0.8913101553916931,0.8439603447914124
46450,0.8960935473442078,0.8552957773208618
46500,0.8315173983573914,0.7911795973777771
46550,0.5721498727798462,0.5357775092124939
46600,0.9821950793266296,0.9458023309707642
46650,0.9867127537727356,0.9631597399711609
46700,0.9258570075035095,0.8845199942588806
46750,1.0,0.9876018166542053
46800,0.6040393114089966,0.5694296956062317
46850,0.9997342824935913,0.9861848950386047
46900,1.0,0.9867162704467773
46950,0.3393568992614746,0.3313850462436676
47000,1.0,0.986893355846405
47050,0.30853042006492615,0.29543039202690125
47100,1.0,0.9865391254425049
47150,0.7828859686851501,0.7488487362861633
47200,1.0,0.9883102774620056
47250,0.9189476370811462,0.8717676401138306
47300,0.9994685053825378,0.9854764342308044
47350,1.0,0.9881331920623779
47400,0.9957481026649475,0.9716613292694092
47450,0.6221100091934204,0.6076868772506714
47500,1.0,0.984413743019104
47550,1.0,0.9861848950386047
47600,0.9949508309364319,0.9709528684616089
47650,1.0,0.986893355846405
47700,0.9957481026649475,0.9682961106300354
47750,1.0,0.9851222038269043
47800,1.0,0.9858306646347046
47850,0.9981397986412048,0.9730782508850098
47900,1.0,0.9854764342308044
47950,0.6927983164787292,0.6656039357185364
48000,0.9994685053825378,0.977506160736084
48050,1.0,0.9824654459953308
48100,0.6941270232200623,0.6367339491844177
48150,1.0,0.9810485243797302
48200,1.0,0.9814027547836304
48250,0.9962795972824097,0.9661707282066345
48300,1.0,0.9805171489715576
48350,0.5094339847564697,0.46404534578323364
48400,1.0,0.9748494625091553
48450,1.0,0.9760892391204834
48500,0.9651873707771301,0.9148069620132446
48550,1.0,0.9769748449325562
48600,0.9936221241950989,0.9569606781005859
48650,1.0,0.9759121537208557
48700,1.0,0.9764434695243835
48750,0.6029763221740723,0.562345027923584
48800,0.9965453147888184,0.9734324812889099
48850,1.0,0.9783917665481567
48900,1.0,0.9764434695243835
48950,1.0,0.9787459969520569
49000,0.6353973150253296,0.5664187073707581
49050,0.9994685053825378,0.9711300134658813
49100,0.9978740215301514,0.9684732556343079
49150,1.0,0.9769748449325562
49200,0.634600043296814,0.6030818223953247
49250,0.9997342824935913,0.9684732556343079
49300,1.0,0.9737867116928101
49350,0.9994685053825378,0.9629826545715332
49400,1.0,0.9760892391204834
49450,0.4621312916278839,0.43995749950408936
49500,1.0,0.9698901772499084
49550,1.0,0.9721927046775818
49600,0.7980334758758545,0.7389302253723145
49650,1.0,0.9675876498222351
49700,1.0,0.971307098865509
49750,0.9997342824935913,0.9649308919906616
49800,1.0,0.9705986380577087
49850,0.996811032295227,0.9417286515235901
49900,1.0,0.9702444076538086
49950,0.6489502787590027,0.5864328742027283
50000,1.0,0.963513970375061
