step,parameter_norm_total,parameter_group_norm_decay,parameter_group_norm_no_decay,parameter_norm_blocks.0.attention,parameter_norm_blocks.0.layer_norm,parameter_norm_blocks.0.mlp,parameter_norm_blocks.1.attention,parameter_norm_blocks.1.layer_norm,parameter_norm_blocks.1.mlp,parameter_norm_position_embedding,parameter_norm_token_embedding,parameter_norm_unembedding,parameter_norm_final_norm
50,117.64741790563659,115.23794461838948,23.688205081696314,14.814142148343892,16.606518156145537,16.61842893044012,15.727157603603965,16.70977129041284,17.82274065970304,16.057783102472964,109.19577878750195,6.612637614524245,
100,117.54213389823552,114.8930492392144,24.814118518822756,15.88805764708364,17.166303881760435,17.80472125719229,18.46259664717488,17.733698721468784,23.678677049894343,15.526367613385045,106.82150710756154,9.17055142378743,
150,115.5840552157808,112.81039612485529,25.16919439072084,15.808953186449662,17.327111140237246,17.790387662102148,18.719101407965532,18.06826583982718,25.339141090465624,15.117382485410573,104.16135211640315,9.796048107726119,
200,113.0969946211383,110.23508633619065,25.28153343423573,15.513625278998035,17.37917389961285,17.47584677263546,18.45156399529412,18.17278986547477,25.395202712161364,14.7362249721106,101.5579189971908,9.799114937353915,
250,110.6232047411707,107.67451644958192,25.3710846152797,15.213038986744259,17.42182709999468,17.145546824058698,18.154064085328883,18.255018066496756,25.30152254741792,14.365656713599611,99.01640766325575,9.744905674647722,
300,108.19667408949338,105.16038665514411,25.452177953342904,14.916504099948481,17.46098517328952,16.816068481076837,17.85306361015795,18.328946541966246,25.157970697903075,14.004579423040123,96.53543400980324,9.670993307912882,
350,105.8240830274956,102.69881559078387,25.528216249092846,14.625899031035514,17.497974783270486,16.490857805255004,17.55440985641556,18.3979762525366,24.98862812124091,13.652617595564722,94.1133351861608,9.586652983401345,
400,103.5075099545919,100.29164359952723,25.600602358252253,14.341637234800755,17.533369757975887,16.171536641748883,17.259894785035186,18.463490503637065,24.803966462284,13.309481334342227,91.74872445458189,9.495918688441948,
450,101.24743603484814,97.9392182920804,25.67007643087353,14.063728336280786,17.56748544534328,15.858724717558099,16.9705738233791,18.526215981002924,24.609397105560454,12.974931758892938,89.44031407685961,9.400906216445703,
500,99.04346902858896,95.64105603627976,25.737077485259693,13.792249335421673,17.60052932128032,15.55282375939254,16.686824373422738,18.58654518070087,24.407875763732942,12.648726651098524,87.18672962020531,9.302869434972465,
550,96.8948644968247,93.39636190399212,25.80182840336226,13.527254220375914,17.63258362284203,15.253834622218935,16.408869874927017,18.64470843020403,24.200966963768142,12.330635005024428,84.9867451168089,9.202516668783641,
600,94.80054186426467,91.2040328559548,25.86439886345935,13.268457989711898,17.66363689743987,14.96149385731978,16.136525759364087,18.700811471226626,23.989573639577976,12.0204723578074,82.83915329706073,9.10032208736467,
650,92.75939994990951,89.06294289596136,25.924862232575098,13.01534257622418,17.693701013566237,14.675766191854985,15.869700246824165,18.754945902931752,23.77434988612559,11.718062325404384,80.74276846959864,8.996623186739974,
700,90.77024362023278,86.97187024724845,25.983281405014797,12.767762519823126,17.722806609718738,14.39652055422538,15.608261917440663,18.80717211019198,23.555798232134993,11.42322652466672,78.69630395264129,8.89168913429072,
750,88.83205434437298,84.92976805359828,26.03974610866302,12.52551593597331,17.75100805484351,14.123761367701354,15.352030280757429,18.857568326868346,23.33455881961612,11.135768006700282,76.69860523735295,8.785822712765084,
800,86.94386236459172,82.93563254094073,26.094368317840615,12.288554277281822,17.77836104218928,13.857211858545373,15.101000658066466,18.906241975223644,23.111178614768395,10.855499336812603,74.74857129547784,8.679322253338192,
850,85.1046729193878,80.9884520552795,26.147198442771536,12.056597285766406,17.804850674784603,13.596773788830673,14.85501145601165,18.953271561502756,22.88624796013806,10.58226217408593,72.84510472497305,8.572460588431344,
900,83.31354249015895,79.08725078159644,26.198342048083745,11.829511505716976,17.830524894521815,13.342375761565174,14.614025824399993,18.99875632586676,22.660426960676507,10.315883589956776,70.98706072731073,8.465501940710755,
950,81.56954120489782,77.2310881925287,26.24783932013025,11.607281664166608,17.85539938426084,13.093746365545657,14.377813396944003,19.042738408312232,22.434021883969912,10.056183131553281,69.17350463956178,8.358605047465497,
1000,79.87170274716377,75.41898197075686,26.295742207169912,11.3897440884361,17.879474431850173,12.850671730131774,14.146297772250197,19.08529433599608,22.207391226211385,9.802988640066637,67.40340708276504,8.251967110176066,
1050,78.21899819869304,73.64987817156225,26.34211693317727,11.176689710594852,17.902779204495765,12.612864629216908,13.919433221107624,19.126484294227307,21.980788084111044,9.556142910819556,65.67570860955016,8.145722360172202,
1100,76.61051549186146,71.92284383490525,26.38703504807956,10.968011071256893,17.92536473174825,12.380438992205214,13.697103406289687,19.166363424387757,21.75446050843323,9.31548839474773,63.98940171332156,8.039981986970622,
1150,75.04532342363643,70.236931092767,26.430551988713642,10.763507318743452,17.947240753474674,12.153215025246997,13.479303351411602,19.20499627139941,21.528667134332558,9.08088187637325,62.34349628767843,7.934887372567395,
1200,73.52246073018522,68.59116325731502,26.47271340134947,10.563069555968108,17.96841335506243,11.931024454456104,13.265939917588062,19.24243683245257,21.303670784866842,8.852173019951543,60.73696688240334,7.830551132513227,
1250,72.04105036288324,66.98464688491288,26.513581785398433,10.366635656571546,17.988937524147683,11.713884809552527,13.056892122371245,19.278722829843034,21.07954441907718,8.629212273198911,59.168910885584715,7.727013224334086,
1300,70.60019635272673,65.41648726789504,26.55317153510849,10.174007044773317,18.00879298533972,11.501527562868517,12.852056085613967,19.313892643757985,20.856347260132697,8.411866251029508,57.638499089672806,7.624333267583722,
1350,69.1990492844035,63.88582546509537,26.591534865604793,9.985219006044774,18.02800677939748,11.29384812492368,12.651296911591405,19.347991107237224,20.634222565762645,8.199987272078506,56.1448439312314,7.522584908846152,
1400,70.07019410392564,64.99454477449817,26.182842689776212,11.860618615215754,17.726179457425218,14.311710475844064,13.661021875824002,19.07230126514708,21.076910086148928,7.8963122002285875,55.95527210867774,7.884083763219253,
1450,69.69804627841013,64.60968167164987,26.142048299922322,11.78015485205314,17.692004688544014,14.22898258445116,13.506454167354903,19.047578265622768,21.44284518231634,7.621529610657138,55.492258203790485,7.814476678960881,
1500,70.06492362700708,64.99240504242353,26.17404840027416,11.6184394601394,17.703220495789928,13.944504316863046,13.418068208035878,19.082649136369486,22.911321037477453,7.313220937736705,55.51911315322278,7.827921871077464,
1550,71.48520138418911,66.4495380258902,26.355130678557554,11.403249661653316,17.690925557034173,13.876716146098946,13.689409961054542,19.343912383829394,27.29342670689822,7.013471952176161,55.22903009616388,8.28343099453961,
1600,72.47971594628012,67.39793907722637,26.66133964743589,11.151799970511332,17.7319477079252,14.01375050771913,13.876851877890578,19.7190809378506,31.63202996568072,6.794103752178828,53.94676906252313,8.929231733875584,
1650,71.84937927976623,66.66388795619555,26.800360920172416,10.89368628318978,17.766360896534785,13.888364301492176,13.71549025693215,19.8739551395893,32.72317636749748,6.614069569679525,52.49607243726222,9.036154298520062,
1700,70.77558668925549,65.47479609370465,26.874425532392607,10.63891840499025,17.787857643230886,13.666594096126648,13.477084557666169,19.953534413722707,32.84135645346363,6.443947585883068,51.11153166280029,8.976093012638914,
1750,69.63280310654012,64.21304366773832,26.933479006606497,10.390723488589149,17.806334559610853,13.429812510629779,13.230530461335807,20.015724409763234,32.74983254274487,6.279081528376933,49.76755272704674,8.88092667153967,
1800,68.48532277614743,62.94404638576513,26.986783067637877,10.14913838123419,17.823896100929197,13.192539333726096,12.986189475017262,20.071009406845437,32.58098226653557,6.1185645015822265,48.456948838172565,8.773847284669436,
1850,67.354239666138,61.68939001599016,27.03724764946704,9.91404117879282,17.841147846755092,12.959862852715569,12.747374444134467,20.12274134540305,32.37860888641537,5.96209744543917,47.17689523825294,8.662571713721055,
1900,66.24788333702453,60.45757135574711,27.08623474019153,9.68562065261344,17.858541607025256,12.733523859251155,12.515163568531104,20.17235384861718,32.16182303214099,5.809491024136741,45.92499422304607,8.550400047232051,
1950,65.17003521493433,59.25252965901405,27.134318103159316,9.463542472533963,17.87607185910119,12.514132015748622,12.290066944280158,20.220600920162912,31.93956978684313,5.660583570323344,44.70019201456732,8.438807429677782,
2000,64.121711334343,58.07538057448778,27.181685664675406,9.24759409286718,17.893715409730756,12.30188525012429,12.072189364375403,20.2677673595516,31.715263158186765,5.515293648538297,43.50167314767802,8.328405514047637,
2050,63.10302700354309,56.926333503302814,27.228378043516155,9.037406043319823,17.911400784638897,12.096523547910051,11.861397790059664,20.313975644833846,31.490404597320296,5.373564280072994,42.32899281641027,8.219390326860932,
2100,62.11363618473782,55.80508593443727,27.274460286869903,8.832813872873594,17.92919187976807,11.898662349051289,11.657354676947387,20.35925088140346,31.265599068516288,5.23527295392052,41.18144424766795,8.111780270924198,
2150,61.15282595533682,54.71100608471831,27.31984508597427,8.633651092223271,17.947023284624088,11.707983980261972,11.45979718638544,20.40356144002269,31.04093990423945,5.100373776029155,40.058461029996806,8.005580778750918,
2200,60.21970858199877,53.64327939837553,27.36442722018271,8.439824945179042,17.96477670369471,11.523308133837833,11.26810651904279,20.446865102981654,30.81635145225246,4.968801743221305,38.95972188604231,7.9007512390048555,
2250,59.31333811476696,52.601032499817805,27.408091109556985,8.251078290795494,17.982349916501988,11.34425613962895,11.081961862750456,20.489110004269094,30.59107556477392,4.840524374411635,37.8851136430119,7.797102398160305,
2300,58.432866833275206,51.5834112022576,27.450894613729425,8.06729793084097,17.999790365506243,11.170805370098167,10.90109731067757,20.530315170345485,30.364786247388764,4.715479358516918,36.834083958927664,7.694529910099538,
2350,57.577576263229524,50.58974527759112,27.492816536260122,7.888543661623233,18.017103678239753,11.002700380525793,10.725021515790464,20.570444542165788,30.137691843201903,4.593568291874206,35.805978093371394,7.593026072865994,
2400,56.74648960066106,49.61908237471842,27.533810965589957,7.7146619604010125,18.03430072944164,10.839510341894325,10.553474836161923,20.609446981010745,29.909382533106477,4.474734988901677,34.80030644489908,7.4924097732722705,
2450,55.93850247462742,48.67033783321938,27.573796878634482,7.545275510713164,18.051270110933707,10.681168073888248,10.386628638721119,20.647302077873277,29.679043364453946,4.358886757073084,33.81658125702537,7.392520426350972,
2500,55.15274692277601,47.742723506638214,27.612639230911505,7.380199938798981,18.06790174256136,10.5267867594881,10.223717325973105,20.683936354679492,29.445848776381723,4.245985218439902,32.855276083999094,7.293191541030218,
2550,54.3883965096385,46.8353917146822,27.650384406404456,7.219448251264951,18.08424044644751,10.376307010668507,10.06456857009628,20.719373818907812,29.2098453100942,4.135969979080921,31.915522604047904,7.194432318507989,
2600,53.644537443953915,45.94742178461743,27.687015529345846,7.062952634139604,18.100302877598438,10.229489563130592,9.908779990208089,20.753577098293164,28.970538666661575,4.028769495700752,30.997009185196614,7.096134208028126,
2650,52.920411082190846,45.078075757324335,27.72249979935064,6.910441863196463,18.11602594042262,10.086093697378304,9.756273493104054,20.78656014015109,28.727792681628497,3.9243290403651256,30.099314653006633,6.998206350797804,
2700,52.215455565481676,44.22680203425221,27.75686909098099,6.761865917774279,18.13140987332559,9.945967172839515,9.60726352929678,20.818362390246037,28.481727414512786,3.8225764167516987,29.221860902239964,6.900646022204098,
2750,51.52861949653597,43.392529083485094,27.790053021858167,6.617070710579142,18.146431971605477,9.808769084828949,9.461104297342871,20.84891948603614,28.231384419022664,3.723466348761161,28.364722673575628,6.803334454230294,
2800,50.8595301822798,42.57494097636059,27.822045417647534,6.475951302507667,18.161070222443467,9.67396154344631,9.31754278606571,20.878242654313595,27.97680449079866,3.6269356259052596,27.528093432420903,6.706270352713616,
2850,50.20691736222399,41.772638467269594,27.8528495220862,6.3383504221644955,18.175298895729366,9.541454985994465,9.17674938579403,20.90635822380708,27.717373921528083,3.5329326372538254,26.710913015009005,6.609324023816938,
2900,49.56974423165793,40.9845218077992,27.882405121832964,6.204261732825014,18.189098509648513,9.411126555038717,9.038218810212905,20.933209235461003,27.452193071660496,3.4414060012555026,25.913103445867623,6.512320158869721,
2950,48.94817468313401,40.21086569616695,27.910752135609417,6.073589337704004,18.202468398015146,9.282396383926974,8.901751012173959,20.958846073271005,27.18216996766045,3.352279502195382,25.1348810598428,6.415433831673145,
3000,48.342103478438844,39.4516006165224,27.937970175273975,5.946197604064744,18.215423002115795,9.155206361628602,8.767422124073581,20.983374134645295,26.908252884558618,3.2655138521180453,24.37555006950663,6.3188201524126395,
3050,47.75145124950859,38.706721249468366,27.964098886789632,5.8220110912828655,18.22795611149256,9.029818126240333,8.635271739019855,21.006842376689246,26.631114575021172,3.1810487054166203,23.63467723126166,6.222590862804545,
3100,47.17603973258534,37.97612281316938,27.989155416509913,5.70077201904476,18.240017374726264,8.905800785862072,8.505533286060537,21.029311308272575,26.351207297007246,3.0988484651635337,22.912122050474093,6.12683005422293,
3150,46.615892211094604,37.25987985210672,28.013260432212498,5.582645660556611,18.251705585840977,8.783218498685082,8.378135406559203,21.050858684173477,26.069430781179793,3.018805012760743,22.207306691068062,6.0316755893005105,
3200,46.07067061936758,36.557650151870305,28.03649241063719,5.467556439078938,18.263070133121776,8.662175117156474,8.252877029437348,21.071540565284476,25.786064414002556,2.940833603110353,21.519744655826404,5.937228149772574,
3250,45.54022106615928,35.869397802804805,28.05883169376088,5.355395948334702,18.27405089519929,8.542317049580094,8.129573550375502,21.091379167666158,25.501447787584755,2.864867914264724,20.84957821444545,5.84353419094447,
3300,45.02439846486013,35.195043769036246,28.08033744843752,5.246083939638475,18.28466362385135,8.423742903324953,8.008303548982138,21.110438273322927,25.21624321021787,2.7908715503750843,20.196152734610116,5.750712245486469,
3350,44.52303426115954,34.534492292460335,28.101057309688265,5.139711508846195,18.294957594046366,8.306543960822326,7.888898701515442,21.128744945119177,24.93083112249818,2.7187560116645457,19.5591610670821,5.658838878159943,
3400,44.03586876168743,33.88752280294482,28.121051471743606,5.036181624318929,18.304960186462853,8.190832173439425,7.7713875388481455,21.14635349158552,24.645594001473924,2.6484969519595203,18.938017420193415,5.567965450176549,
3450,45.663833887490966,36.10734555574085,27.95434353052651,8.358819328979308,18.267298983575312,10.386695758702247,9.867944844199636,20.923971379984327,24.92761130089888,2.5571361872807143,19.346471593410254,6.0281486601172745,
3500,45.74886484121101,36.246986537763355,27.912624405286486,8.953147319080095,18.24246306357989,10.766501028079468,10.224540609148727,20.8807096225137,24.66274564695625,2.47550271143073,19.279274926564387,6.1220863360333695,
3550,45.32358582184516,35.68422185967536,27.943939271685206,8.930548608908891,18.280231128832472,10.515140051326632,9.986195681979611,20.889735406639627,24.214294960043333,2.3949837120567374,19.076160189344844,6.137153114497491,
3600,45.16033886431822,35.4408714665055,27.989298598476648,9.441705126303342,18.337313113153517,10.277734068381637,9.749313420279192,20.90121308652349,23.934723871753686,2.3076762115096052,18.97134079124495,6.197061599731664,
3650,45.26221708010146,35.522460953918696,28.050366535636382,10.417609805445824,18.427092709540723,10.036257077950706,9.502369470206776,20.905134986955368,23.816161137204045,2.208499427567502,19.001860600829275,6.275356355431708,
3700,45.40396946910166,35.66782854760122,28.09495417775298,10.912018770183693,18.498339710716497,9.800230951709889,9.244500864722593,20.90269147841319,23.852103396096265,2.0923200929538845,19.184159462575433,6.363903660160084,
3750,45.74550673168761,36.047895188550875,28.16381789839807,11.194230242487896,18.570900229919875,9.584955809114613,8.980982274392005,20.930139491563953,24.395088661528547,2.0053132449479616,19.214904153307927,6.596053882469965,
3800,45.959425578989986,36.2717988097343,28.224553329625543,11.343761473177734,18.62569446068645,9.401378334678398,8.737444431674279,20.96294357207914,24.638864004909,1.8859541229689716,19.36706850187644,6.8398642742581055,
3850,46.48999401659318,36.888374829141,28.294298827284376,11.186793626011928,18.60862418571299,9.356167692629576,8.546525385644216,21.070672923448278,25.70571829758739,1.8054186658725246,19.20709412226445,7.237687204090651,
3900,47.32189287395925,37.8390854392742,28.417690938811024,11.080638095999563,18.622206162813118,9.390845268365318,8.378832122840667,21.223246538838616,27.161328857187666,1.7274337544188125,18.987501534488725,7.728416316282381,
3950,47.832941898656316,38.38683977076,28.538410311266983,10.870374446959772,18.63515793377149,9.37665337679054,8.223810745270283,21.37174213249469,28.24479646600752,1.6761088389734062,18.55443898202764,8.087462591078689,
4000,47.90177581586631,38.408905022620026,28.62404830342607,10.662466093068936,18.651324520570316,9.308002559582686,8.060539427427548,21.470590557375065,28.68088018696163,1.6289919610214274,18.095899122964184,8.2288821954668,
4050,47.70686554582258,38.12025488860762,28.684336970457945,10.454408670049457,18.666052883985778,9.204909539916725,7.892040527030041,21.537171260732695,28.733980552085605,1.585021697187992,17.639156451004933,8.250493780092805,
4100,47.40013337261725,37.69886543779779,28.73270242153909,10.252081957786007,18.679832199260265,9.085384370512118,7.724693334419027,21.588819055504292,28.618130727043845,1.543079781638851,17.18973960739158,8.220308662425758,
4150,47.047618330725044,37.2218891333857,28.7751517795392,10.056778059423511,18.69316412174792,8.960426315513956,7.560762273495827,21.633025860201414,28.42482816320592,1.5025482013852038,16.749470469188488,8.16638100940469,
4200,46.67759936660636,36.72234195326914,28.814369403070074,9.868641603025683,18.70640833351246,8.834704465606437,7.400960137031599,21.673052749785516,28.193804391199507,1.4632592730588672,16.318092147835063,8.100567157067744,
4250,46.30462512495726,36.217373152405216,28.851693016221102,9.687664288614757,18.719699198910188,8.710723511886913,7.245192301361045,21.710532485205793,27.945512097490518,1.4250763155299748,15.895890030562773,8.028809710100749,
4300,45.93576326170436,35.7153888727162,28.887806149065877,9.51402566145638,18.73310180136707,8.590352959770705,7.093654672085431,21.746292297859554,27.68981606060535,1.3879328461575355,15.48266604985816,7.954119102508961,
4350,45.57452095753654,35.220653877580695,28.92304446189229,9.34730040817955,18.746597837711537,8.4739197687153,6.946438115030648,21.780790479385598,27.432269264720084,1.3517369049854695,15.078034890982709,7.878015398165111,
4400,45.22296686437504,34.7357899434724,28.957583273113872,9.188005150213307,18.760164945807475,8.36219825642585,6.803364852795825,21.814286544933932,27.1757482333058,1.3164440699579107,14.682065024567455,7.801341147688683,
4450,44.88144058848547,34.261302974644444,28.99149578371855,9.034403415903025,18.77376599905573,8.25566387801511,6.664443374105133,21.846912160173698,26.921488788025027,1.282073149535005,14.294469805360285,7.724537190054448,
4500,44.54987751006384,33.7972284247992,29.024798655005974,8.885707899097438,18.787329529876548,8.154053262983703,6.529564999126353,21.878739936127765,26.670138752403496,1.2486172283817882,13.914903536304406,7.647815313095057,
4550,44.228527914969156,33.344054041112635,29.057473077137427,8.742338498403285,18.80079859626408,8.057613523172561,6.398713254181756,21.909790216245455,26.42220536687545,1.2160508269997778,13.54328474885163,7.571282525282709,
4600,43.91709103223336,32.901512569422906,29.089540308804786,8.603862398291723,18.81415289280558,7.965917037952543,6.271932421652831,21.940110855183377,26.177617853414645,1.1843285907908456,13.1797375670953,7.494988963829788,
4650,43.614939483857775,32.46894801626478,29.120960851209404,8.468726363352696,18.827317108996937,7.878785439368156,6.148980389540293,21.969725234423628,25.93629074302061,1.1534517738109635,12.824209611380505,7.418876132963308,
4700,43.32178617377312,32.046145770131226,29.151701469478944,8.33747966212855,18.840308192651776,7.795748169365578,6.029747384176738,21.998589149803976,25.698053485869256,1.1233872778247007,12.476657929902832,7.342885312886375,
4750,43.03741095118684,31.63294383737533,29.181768376210428,8.210603143419625,18.853109710058682,7.71687992742898,5.914049185194022,22.026728666381175,25.46289799098818,1.0941299904731099,12.136587716516951,7.266976428008723,
4800,42.76120520031862,31.22862840585887,29.2111868651813,8.087607689043068,18.865776813135888,7.640928460628657,5.801910348066989,22.0541372782277,25.230483413311543,1.0656258900692062,11.80411135695656,7.19116944871012,
4850,42.492801089204946,30.832820693479658,29.23996088387379,7.968458215274348,18.878270466553737,7.568233723314269,5.693173133988251,22.080830457911528,25.00037781389395,1.0378440623120406,11.479342302275132,7.115332438233471,
4900,42.23147875154463,30.444785030825326,29.267949398087307,7.8535132360511035,18.890470789610692,7.49925915522438,5.587493937552058,22.1067370490144,24.771739598999034,1.0107804798024662,11.162108902379059,7.039176536996396,
4950,41.976237881679126,30.063276149249205,29.29511860145471,7.7412051265035196,18.902372738603823,7.433547647267043,5.4847292075707665,22.131820826458785,24.543985956906468,0.9844400587491393,10.852082477711479,6.962553666249743,
5000,41.72637477658027,29.687388035553308,29.321482630012436,7.631277702282354,18.913975686261423,7.370212655490897,5.38492060710232,22.15610998884938,24.31636240765937,0.9588126344822034,10.549424779047241,6.88546994898688,
5050,41.48138418248321,29.31645686629956,29.3470712423091,7.52294416843414,18.92534059844775,7.309488205645525,5.287852119895929,22.17958658884665,24.08855924824355,0.9338925254583939,10.25377270195528,6.807883100863367,
5100,41.241247397145074,28.950535792010687,29.37187369283808,7.417322405212759,18.936480062337694,7.251200859963285,5.193397746228117,22.20223258204416,23.86055965543956,0.9096602303754873,9.964881175286466,6.7298192194146695,
5150,41.00606545923283,28.589845657933516,29.395886271763054,7.314134128087107,18.94734621243014,7.195659515751177,5.101423149848099,22.224079053318327,23.63272442066595,0.886055975408862,9.682731416642168,6.65140193488947,
5200,40.775335363698346,28.23375342212055,29.419094848770662,7.212992646308268,18.95790836035367,7.141589835025345,5.01183715230954,22.245149400232435,23.40491061764129,0.8630749979244704,9.40731095900965,6.572571331207561,
5250,40.548048593503005,27.88087415115096,29.44148605809094,7.1127761979175945,18.968144084075053,7.088061200903024,4.924780431372577,22.265428965545706,23.176218732316404,0.8406769971490237,9.138545862361894,6.493219200076857,
5300,40.324361164599125,27.53144645075507,29.463088087677363,7.014122994569501,18.978071947369028,7.035221178346823,4.84006099076307,22.284942612567235,22.946800450896774,0.8188929633047655,8.876454912663489,6.4134299721296255,
5350,40.1041851578941,27.185410218726002,29.483879297308246,6.916365115560988,18.987654756395766,6.9824801381615575,4.757457313699029,22.303717913671377,22.717071660194957,0.7976871069971512,8.620983592247665,6.333344948903829,
5400,39.887857411895396,26.84320720757891,29.503955594507698,6.819363372702762,18.99694981135778,6.9306229147199945,4.6771173432715365,22.32181072312619,22.487575828050826,0.7770386655545267,8.371749979993343,6.253007431790401,
5450,39.67484249373143,26.50411236008366,29.523298509930388,6.722623499952373,19.005939886098176,6.8788805624153495,4.598807540310245,22.33921807907694,22.257937894445103,0.756935186623198,8.12880787130165,6.172418380076042,
5500,39.46515080175573,26.16815414267,29.54193352796638,6.627369995572821,19.014627538731656,6.826461685852501,4.522706094031729,22.355962043092752,22.028193421725636,0.7373881745438501,7.891923259469429,6.091637415222117,
5550,39.25846011589968,25.83488100292038,29.559864922503106,6.532690632521527,19.023028872991006,6.774242777931693,4.448712680818273,22.372046653539183,21.797983251508057,0.718371972634245,7.660964637035841,6.010542718908946,
5600,39.054342905886365,25.503648636887153,29.57711287493695,6.4387133845842275,19.03118122482923,6.721946744641726,4.376809655776124,22.387459192890102,21.56675469000841,0.6998466587439403,7.4357877438787146,5.929065563700097,
5650,38.85214654866011,25.17353875954447,29.593618193121873,6.3451806995433735,19.038994389520973,6.669722392787579,4.3067865693856096,22.402178787025083,21.333707179748465,0.6818800440310663,7.216167118076413,5.847080802063333,
5700,38.65188198547169,24.84454175847484,29.60940265912555,6.252005966026704,19.046490974543634,6.615757269834773,4.2385650725918875,22.41624409234588,21.099404017453782,0.6644217843944604,7.0022626552477,5.764713188722156,
5750,38.454827869307806,24.518524749295388,29.62457983797039,6.160607811891347,19.053732229399262,6.561006608506009,4.172092910372542,22.429740138641083,20.865399787265954,0.6474351150842118,6.7938328347969845,5.682370211632843,
5800,38.26160293589988,24.19645531764248,29.639193802898777,6.070628707854878,19.060703027016032,6.505575826989515,4.10740778355733,22.442729640598714,20.632857521672953,0.6308912013901475,6.590994028593181,5.600344781081624,
5850,39.78798172360088,26.753141293031334,29.45085602478644,8.805604731357908,19.068596821194404,9.816011194672287,6.4123187513556275,22.16863198642719,20.733480851246092,0.8248184730173517,7.203507046448244,5.528581286388931,
5900,39.729895810457336,26.664255019925985,29.45304950836411,8.929937508930982,19.08616626463289,9.959970071470153,6.4533284321741995,22.154883273500538,20.45222755423166,0.8084772339872622,7.2759868914781975,5.555767936274763,
5950,39.76489563034818,26.692594442673894,29.47460477108079,8.876047800579755,19.106870252748998,9.973262083734978,6.280597322129194,22.16642101085762,20.432481780471008,0.7721977579206923,7.5227783912134525,5.6967827345621105,
6000,40.32266466489629,27.48547631898769,29.503658708642263,8.638857228111995,19.078227468650415,10.289844711673672,6.122360647627222,22.22973465060907,21.162146440997027,0.729277090806964,7.983620866159331,6.138148922760783,
6050,40.8148272486106,28.15063055136942,29.55320833503924,8.452228074504166,19.050568345769772,10.514945199446322,6.032151652894034,22.316958162678084,21.83142956525504,0.6931200971331805,8.190146834938277,6.505230538455805,
6100,40.90120677916738,28.208979991493216,29.61692360512387,8.234228779788802,19.051392066827237,10.395302713381943,5.914007003078805,22.39827050872995,22.11175705740516,0.6772606478747996,7.998279148524899,6.638477393513517,
6150,40.71682804301128,27.906108072856693,29.64977602124834,8.036053793089993,19.053815952479827,10.220341238550493,5.786579229044457,22.438396281936367,21.99630500529847,0.6610776572151399,7.796123611254018,6.615022308288871,
6200,40.45981165946665,27.5049127487616,29.672818103485298,7.845544323342688,19.056082266620948,10.033709938349913,5.659365024840562,22.466015887263517,21.767821193517698,0.6451905541771118,7.5982379346394024,6.549532418737659,
6250,40.17872139449795,27.06923465169913,29.69151710957084,7.661222240330159,19.05825800303856,9.844136464245123,5.534285676667022,22.488118530692205,21.496670768168297,0.6295952304201476,7.405186742902434,6.4674011686320165,
6300,39.8909046918723,26.621936626536755,29.70785699758063,7.482378634891776,19.06040516575073,9.654444685482458,5.411925552041842,22.507201524991718,21.208428478426132,0.6143661115782992,7.216662953319496,6.377520892926767,
6350,39.60443217882467,26.1738876048021,29.722695972241652,7.308638803686603,19.06249554917614,9.466582366009016,5.292589448722416,22.52439628977666,20.914962533844378,0.599505289617699,7.032705286338396,6.283787828138263,
6400,39.323259112728266,25.730471311474812,29.736535664669116,7.139897553039299,19.064559653023945,9.28086942469388,5.176212489440503,22.540306685569405,20.6224988671001,0.5850313396422665,6.852963494099869,6.188470495866093,
6450,39.04979742225217,25.295124961432567,29.749677845389236,6.976166649337458,19.06663715214078,9.098091921870529,5.062694102202723,22.555298757326355,20.334691860410828,0.5709118826578258,6.6773321891821,6.092870955827919,
6500,38.78511837996262,24.869481156991053,29.762296865829775,6.817211275158389,19.06872650735595,8.918165584193767,4.952024282309586,22.569604852937566,20.053519085332812,0.5571444060581555,6.50570807380641,5.997761860161154,
6550,38.53013673409352,24.455045906017244,29.7745221033442,6.662692510384002,19.070787602495834,8.740919571008972,4.844124550584749,22.58341775462362,19.780868190908745,0.5437326687573686,6.338044871917764,5.903883975198862,
6600,38.28568176698089,24.05325563185075,29.786478843115603,6.512535492479162,19.072822562540896,8.565809592965454,4.739088871811709,22.596901169609744,19.518509247430355,0.5306419461387734,6.174448815934276,5.811897042701827,
6650,38.052604774889886,23.665628529860566,29.798301234141217,6.366559973831277,19.074857297933864,8.392604866332112,4.63692416422505,22.610207693071764,19.268369382681616,0.5178860830456478,6.014677606842872,5.72227907999181,
6700,37.8314555023577,23.293341145637168,29.81005339981526,6.224766950779606,19.07689015956269,8.222416085276773,4.537569421559243,22.62341791105241,19.03131138816938,0.5054513611002927,5.858696384604414,5.635268015226756,
6750,37.622115944556825,22.93658771701261,29.821746294364832,6.087009632429966,19.078919238778216,8.056001331268869,4.440873998902265,22.63654692264219,18.807281084376925,0.49333062272284367,5.706452776974271,5.5508725863715,
6800,37.424128027759274,22.595012531705176,29.83338343752185,5.953196166163393,19.080936941387602,7.893069448297447,4.346750280983173,22.64960248469954,18.59603775449303,0.48151953602874026,5.5577617297369395,5.469020641181292,
6850,37.237294414826124,22.26867810637274,29.844967259677077,5.823134570952027,19.08293872723959,7.7339273770907795,4.255101082631813,22.662592713546495,18.39755770013958,0.4700115176896759,5.412578364920253,5.389710337921301,
6900,37.061487589350406,21.957733327990972,29.85652038386939,5.6967252943949145,19.084936921558512,7.578847896100921,4.165897538522121,22.67553909904766,18.21189475410787,0.4588121272959982,5.270851155247847,5.3129242217574815,
6950,36.896379055384,21.662003041371957,29.868050013922428,5.573864304389548,19.08693058453783,7.427380973161434,4.079089583940675,22.688454048401407,18.03902791272004,0.44790266960011593,5.132461967274962,5.238672277619424,
7000,36.74145774774537,21.38099261822652,29.879556089217623,5.454472891799954,19.088919788014252,7.279111117951392,3.9946692161117623,22.701337090353427,17.87852888901511,0.4372666601129098,4.997359375157873,5.166859745858507,
7050,36.59625609629131,21.114274522647186,29.89102493471294,5.338414132810609,19.09089635452629,7.134262012141521,3.9126175927183,22.714176238221565,17.72982865870519,0.42689915211824253,4.865450117608604,5.097374434637639,
7100,36.460390456842156,20.861516058682366,29.902461771545237,5.225608280539299,19.092869210247382,6.99295130039943,3.832902748679343,22.726971153747304,17.592482287726387,0.41679522692057247,4.736701463523892,5.030130657406375,
7150,36.33334690156413,20.62214974098303,29.91386028465522,5.115990734491633,19.094851261620164,6.85523144054766,3.7554739841869194,22.73970666934186,17.465863542094386,0.4069589948882631,4.610877778713573,4.96499245001364,
7200,36.21460772640641,20.3955913958751,29.925201158722405,5.009419277360064,19.096828713589524,6.7212307140936876,3.6802851828545466,22.75236990083059,17.349265931377527,0.3973777092407715,4.487975371953945,4.901839101885208,
7250,36.103558622132326,20.181036307452587,29.936478061706353,4.905936768611146,19.098809205904548,6.590796913847193,3.607292116044493,22.764944024927914,17.241815067801415,0.38804512419083637,4.367945474146126,4.840523337062726,
7300,35.99997704520077,19.978330904567997,29.947698434480163,4.8054676869313555,19.100793139895643,6.464026361616642,3.5364953988031194,22.777439556766158,17.14330600627681,0.37896518527092315,4.250695563458157,4.78104293125398,
7350,36.907726362872005,21.647584549156313,29.89251325104274,6.281068256295886,19.140649563524267,8.750574403626908,5.442288921900161,22.663902350344106,17.050145206535053,0.4126048240548157,4.851415620110909,4.701757378911323,
7400,37.77256149888542,23.08590798739172,29.896609416199098,6.888361770616364,19.159612432526874,10.481149243531144,6.161391837516066,22.64785756079075,17.310816712463623,0.4044367086255869,5.185646739992848,4.97640014360905,
7450,38.49902937213731,24.180178138129637,29.958208354389424,6.757150350749739,19.170632977388973,11.177161017573079,6.171206767162995,22.71740039419818,18.20366066532046,0.37308071516865043,5.3455275574402785,5.4610342636382745,
7500,38.769519839238235,24.55022179244067,30.006037367620838,6.553717396441261,19.16785923295312,11.24065562342212,6.088085550473832,22.780084184527286,18.73348860441513,0.3683697571181967,5.256661580531602,5.62640975827449,
7550,38.55922462929623,24.198797286836946,30.020526542402585,6.392739558209202,19.168684855431717,11.030245597272627,5.955682185141661,22.797709789035796,18.554800007701054,0.3602964021296172,5.127180519299405,5.5621730568418135,
7600,38.31401314772107,23.792501053595313,30.03132526377098,6.24267703286482,19.16966068284051,10.809167576675108,5.824908643557779,22.810531218890056,18.310482715917647,0.352063201702556,4.999976362792199,5.4800737167537035,
7650,38.06708334139916,23.38039724586456,30.0409696705449,6.098635405918332,19.17063136497278,10.59035468480863,5.697565122057284,22.82189115269769,18.05397928602664,0.3439067027416701,4.87581054843869,5.3946110642549705,
7700,37.8255532395411,22.973145207997828,30.050076158465966,5.959662753694688,19.171613160944307,10.375259481357931,5.5736828535574965,22.832548645120358,17.797773113660288,0.3358786474941209,4.754666165691158,5.309098458214324,
7750,37.592900573477856,22.576206484145402,30.058959967248068,5.825249891367209,19.17262358243122,10.16469368481334,5.453172906676259,22.842884057306815,17.548281733906666,0.3280337873776932,4.636364581429034,5.225133794938846,
7800,37.370862880928456,22.192582591597898,30.06776796472033,5.695017829533724,19.17364583317662,9.95907059452072,5.335886231566503,22.853108271745562,17.30903778804913,0.320373887900684,4.520846620609973,5.143603838178265,
7850,37.16036294548772,21.82411659341272,30.076577417610267,5.568689079316272,19.17466565991714,9.759326699924106,5.221655778605326,22.86332224908645,17.081852866242066,0.3128593573256618,4.408161325536273,5.064914356990356,
7900,36.96171465882581,21.471689074208246,30.08546025609356,5.446263576767261,19.17569264355843,9.564785598503676,5.1105402657666055,22.873609252061694,16.868095693852936,0.3055249722196064,4.298274415955796,4.989335511143622,
7950,36.77480208765607,21.135538130003553,30.094436305427607,5.327484196319243,19.176722946677174,9.375092320532904,5.002282992497922,22.88399575812225,16.668363375081384,0.298380386799919,4.19104445731226,4.916970880041097,
8000,36.59934725652306,20.81561600180382,30.10352720312041,5.21225053304791,19.177750254828112,9.189381090090542,4.896853687707421,22.89451691356136,16.483023959171963,0.2914213963312694,4.086379676755633,4.847911865245863,
8050,36.43474793181917,20.51130431282481,30.112742356714964,5.100383059474012,19.178764385856304,9.006259692112698,4.794149405685823,22.905188184772783,16.312082617727146,0.2846241475300303,3.984174345850499,4.782156703510308,
8100,36.280821927665215,20.222695402691173,30.122095385230526,4.991804156448492,19.179772407096813,8.825631247584312,4.69415919780572,22.916022995806518,16.15562020969551,0.2779634622089086,3.884446681798133,4.719639807823579,
8150,36.13722744152665,19.94961482688518,30.131579371475855,4.886327902179627,19.18077042435984,8.647601637499122,4.5968442144993915,22.927013770980732,16.013345645492684,0.27147542989831325,3.7870976293942533,4.660263439698901,
8200,36.003575773989574,19.6917945539624,30.14117940223882,4.783861337723557,19.181761697632265,8.472605067760286,4.502089259418468,22.9381431145793,15.884694119218226,0.26517106838621246,3.69197622514587,4.603845360943693,
8250,35.87936630424042,19.448747992243533,30.15087275566109,4.6843551778687464,19.182742332845066,8.301150882320682,4.409847424737634,22.94938009508588,15.76876744671311,0.2590260176015452,3.5990807430635368,4.550135059804717,
8300,35.763968175536085,19.21969677467678,30.160647797257884,4.587761065737699,19.183717492834475,8.132098381225461,4.320086629755177,22.9607088716605,15.665138429682626,0.2530296462157988,3.5084092267094817,4.499000492872104,
8350,35.65671491075672,19.00380814792464,30.17045896409025,4.493939636248201,19.1846778501932,7.966422354845698,4.2327956962006335,22.972084056548017,15.572305665429235,0.2471847252768914,3.4198933984254496,4.450100586707394,
8400,35.55697146174318,18.800227624344508,30.180285962927073,4.402859406287256,19.18562400061133,7.803874320842817,4.1479061983551375,22.983474649775737,15.489373330040221,0.2414850211049787,3.3334452155318237,4.403218696178433,
8450,36.57508308532784,21.049654330018072,29.91067961924948,7.049939538112735,19.125760115382402,9.811068814193318,6.070504028353146,22.67407774240346,15.118322924812997,0.26153303796843774,4.629429017184452,4.995474221609826,
8500,37.23939904755062,22.18368572525592,29.910816255424905,6.973304615995433,19.138886664746263,11.222306802131193,6.191938327224362,22.661341301198764,15.596127701865534,0.22570020602879115,4.8308393413936805,5.234985481571637,
8550,37.423954813921526,22.446647776678024,29.944956127939072,6.752106638913296,19.142830991166857,11.402460858231224,6.073504002380528,22.701749985369293,15.970261831465956,0.2202612804579552,4.754007421039058,5.3424797659533665,
8600,37.28269087290454,22.189258655024354,29.960571407518025,6.5841727196600655,19.14512650757424,11.22005759426548,5.940132656749175,22.719702025087106,15.908967382002448,0.21570060164557145,4.6371131576825,5.301652806035325,
8650,37.0970421095083,21.860074448481704,29.972115013483265,6.428774725750584,19.147085345913933,11.007114149225623,5.809128323637911,22.732694456284616,15.768659424942241,0.21093455585413698,4.522093632428328,5.237187820956918,
8700,36.90497581910984,21.51833726705527,29.982301470539962,6.280212187088795,19.148881108934123,10.789519399804952,5.681460888489441,22.744079617211586,15.610362297579435,0.20622354578190089,4.409800443798853,5.167045951335692,
8750,36.71589603941259,21.17886263695242,29.991878890493894,6.1370536520808505,19.15059012972854,10.572263683302735,5.557249385297718,22.754755634663987,15.450369032904153,0.20157237047224882,4.300262286420832,5.095784298138692,
8800,36.53362284669231,20.84793132833895,30.00115593828379,5.99867075514957,19.15223594873428,10.357218436909966,5.436504244087796,22.765099260496907,15.295722225126326,0.1969707496957789,4.193427084313874,5.02527238840203,
8850,36.35993891248875,20.52871248700955,30.010283593222038,5.864526789877758,19.15381063584244,10.145453031474295,5.319099800174428,22.775294102698922,15.149995663942045,0.19243720431667224,4.089224885322334,4.956389730106216,
8900,36.19563494620099,20.222831118607857,30.01934527445447,5.734416874614786,19.155330543068672,9.937346288171785,5.204987579555767,22.785433877545316,15.015028751503193,0.18798628828488798,3.9875759988075394,4.889563427432157,
8950,36.040967943006386,19.931074579491774,30.028380515364972,5.608221319667954,19.15681051501204,9.733081412950813,5.094036703130538,22.79556131697711,14.89169276967005,0.18363082034078265,3.888378210881338,4.8249783807855655,
9000,35.895777161201785,19.653533890280976,30.03740041398777,5.4857247247547365,19.15825117949499,9.53254388067095,4.986117532431056,22.805687521081946,14.780168865698862,0.179336291995413,3.791644705094728,4.7626449612593404,
9050,35.75990674272731,19.390318416203584,30.04640547497803,5.366822861067318,19.159659093234403,9.336200929904283,4.881100845089493,22.815810366571252,14.680280242762054,0.17512812001644965,3.697275258453725,4.702495923387428,
9100,35.63299540776511,19.14116467584312,30.055385151118337,5.251374420189491,19.161017758485773,9.144188876535631,4.778912143399028,22.825927727694484,14.591581662608357,0.17099628467516034,3.6052077115033696,4.6444204142972065,
9150,35.514457345908234,18.90536394725253,30.064329272349646,5.13924361413277,19.162330687077755,8.956001778807204,4.67949293240692,22.83602698266915,14.513441153051202,0.1669637082248463,3.5153761142225717,4.588296825727467,
9200,35.40384570726243,18.68243036820272,30.073228732560473,5.030351665936015,19.163599423335423,8.771615502825012,4.582826228995352,22.84609571254933,14.445196049656618,0.16302502051304088,3.4277182776308335,4.534001254954761,
9250,35.30067186637148,18.4717698517084,30.082073611417602,4.92461456607187,19.16483127440594,8.591012978791255,4.488798810886523,22.856120039576744,14.386083949999977,0.15917644671916276,3.34218875370642,4.481387236499306,
9300,35.204539184301325,18.272926954999328,30.090857742448392,4.8220134141776025,19.166034322829756,8.414391447314806,4.3973648253937485,22.866086139529035,14.335373508245118,0.15543595704465651,3.2587040951145223,4.430344414922973,
9350,35.11496662226251,18.085243498470156,30.09958219782548,4.722483530193058,19.167210292438092,8.241394555519005,4.308484191990529,22.875991068254933,14.292427113422429,0.15178453909301642,3.1772513397031807,4.380759611462859,
9400,35.03152029714737,17.908135743369503,30.108239545454985,4.625955727341296,19.168358900419356,8.07193518201968,4.2220676830688975,22.885823351186747,14.256581252492055,0.14822650247705207,3.097748535196725,4.332543750005968,
9450,34.95384136202293,17.741137782876134,30.116823473442043,4.532318625037425,19.169479575970747,7.906244955497828,4.138072054181448,22.89557834257199,14.227149034687296,0.14476165722849574,3.0201242330485116,4.285607703769226,
9500,34.88155266031865,17.58372721152986,30.12532577989967,4.441478390106493,19.17057090743725,7.744052247426302,4.056486904148694,22.905251681227487,14.203639943427047,0.14140357126763897,2.9443497893646255,4.239885929872769,
9550,34.81437125780337,17.435527046247458,30.133749230650654,4.353377416803815,19.171635643206802,7.5854897495153555,3.97722480082609,22.914841902876482,14.185550301205241,0.13813264940988207,2.8704048196868532,4.1953360784661315,
9600,34.75191715192753,17.295960250637453,30.142088592909484,4.267907731109589,19.17267103834128,7.43037452191397,3.9002594774382535,22.92434568576899,14.172322431433974,0.13494733453951424,2.7982274272960077,4.151899483649775,
9650,34.693943993004204,17.164678304442653,30.150349392580992,4.185012480583311,19.173679508083048,7.278820715776418,3.825541170781278,22.93376481426287,14.163524824561259,0.13184361388529944,2.7278018087340663,4.109519281922512,
9700,34.64013558315401,17.041178246608418,30.15853506367,4.104673451027158,19.17466798129212,7.13072259004228,3.752974376592132,22.943094513029624,14.158674096334899,0.12883655815280698,2.6590444996503892,4.068166792250232,
9750,34.59031032137509,16.925233035211736,30.166638109554164,4.026773247716166,19.175638901809744,6.986446421312759,3.6824315059814365,22.9523267333868,14.157430772590317,0.12592661490205717,2.5918869010026544,4.027768473612682,
9800,34.54415973086751,16.816318263609308,30.17466506141681,3.9512507055073427,19.176592534625577,6.845497228302968,3.6138901261482883,22.96146791316707,14.15946795689767,0.12309097323669772,2.5263624226541985,3.988314676674658,
9850,34.50146591204528,16.714099516013928,30.1826113424403,3.878059075845488,19.17752493172367,6.708125577468054,3.5473148800876997,22.970517669872773,14.164343382699547,0.120327149304575,2.4624297812113234,3.9497606535841556,
9900,34.46202626411193,16.618242526723616,30.190483095693164,3.8071828562404755,19.178439710395782,6.574095264471783,3.482769035376093,22.979479318288135,14.171838157435381,0.11765443875431468,2.399996543870189,3.9120789900456674,
9950,34.4256264455935,16.528385401109478,30.198281941261783,3.7385694556580313,19.179339692621404,6.443391643227082,3.4201977140789634,22.988350431152153,14.181629594333927,0.11506328238007381,2.3390297725294356,3.8752499207576894,
10000,34.39201984279759,16.44410607326,30.205999475580292,3.6720562788753326,19.180224577700642,6.31599028246347,3.3595462653665127,22.997127131535304,14.193335604123433,0.11254178245871627,2.279541925296391,3.8392868382753584,
10050,34.901204004465036,17.62024881866551,30.126746796320433,5.272912716108289,19.198907864622125,8.812665456606968,4.349267119882795,22.860649086357913,13.346957913002907,0.2286639629421422,3.0812069504943036,3.8492189681002666,
10100,35.91131561853628,19.500100014405742,30.155740562657403,5.949934962135391,19.24185466123197,10.695438464273016,5.071463742924039,22.852314444090062,13.714517085482717,0.24889563368342119,3.715032247452858,4.436223188932479,
10150,36.466358685637765,20.351747733682245,30.25891075326652,5.8133612614692085,19.30612266532041,11.330219732460941,4.997190683441403,22.932835790894842,14.396674201494905,0.23955374868617937,3.692991592801941,4.801377091331884,
10200,36.420825697241504,20.22825389877019,30.286866603789434,5.685699295796046,19.320483242870413,11.230220777751793,4.859876919087656,22.95695393646098,14.416400700810968,0.23393416429388642,3.6108054916148133,4.815085478393097,
10250,36.27066805398509,19.933518513116056,30.302082449390078,5.563795134166745,19.32714365815265,11.03315921857047,4.740814029774294,22.970985846885803,14.282623188469755,0.22824298305677157,3.5238130799703202,4.767837391708035,
10300,36.104139262574144,19.610040386245664,30.314273666726084,5.446312891234043,19.332177489879466,10.82157108999214,4.629328799290792,22.982451360117345,14.118710681657618,0.22257464531086518,3.4383036974886667,4.70891087968492,
10350,35.93657830636147,19.282412488239526,30.325339717843793,5.332627600814897,19.336456804864067,10.606069050347573,4.523320425347261,22.993088224527142,13.94907217171104,0.21700863597436718,3.354466569667006,4.647019887541446,
10400,35.773653197807,18.96003767714261,30.335972613356233,5.222215160345627,19.34030500442693,10.390493537112583,4.421541631895136,23.003514532619057,13.783357018630324,0.2115592750771106,3.2724807244486303,4.585460603930725,
10450,35.617955364027765,18.64746137425229,30.34651427445405,5.1149493790390945,19.343831310226754,10.17631161676247,4.323544942599562,23.014076068075937,13.62633885013672,0.20622759147191513,3.1924225068760537,4.525811463735133,
10500,35.47086488978435,18.347352319356855,30.357155975135857,5.010734667418098,19.347121005778863,9.964393555544529,4.229416927591874,23.024947566371093,13.480655720913903,0.20100596652770086,3.114300842928164,4.468896306008108,
10550,35.33305496815964,18.061277739131977,30.367993345180473,4.909581695158473,19.350234577936114,9.75549721625742,4.138896127909299,23.036201560086866,13.347696816869037,0.1958958670921323,3.0380696174678135,4.4151082459031885,
10600,35.20460536779805,17.78978428038156,30.379068688159034,4.811440546816965,19.353204236194102,9.550036843061148,4.05149639247901,23.047868536523566,13.227860397110044,0.19089943481735133,2.963673882528584,4.3645844932139015,
10650,35.085357093856246,17.533040989691813,30.390372752850453,4.71624496871208,19.35608234628415,9.348443479525805,3.9669757854616097,23.059894670201317,13.12099143217779,0.18601905015292083,2.891079941576323,4.3172902323540105,
10700,34.9749707371509,17.290835645395678,30.401900939718814,4.623918054409769,19.35886334893092,9.150779779595714,3.8854657752392265,23.07227544756761,13.026607661776138,0.1812489350156439,2.820310236039444,4.2730963430095485,
10750,34.87302068541889,17.06279369711259,30.413625942584176,4.534431168944485,19.361566097667946,8.957429115374893,3.8066420011838833,23.084960412515994,12.943962372688233,0.1765955232553544,2.751268124076659,4.231782466155104,
10800,34.77891907231325,16.848186450670507,30.425512734577822,4.447736151166935,19.3641885240808,8.768344876409602,3.7303539193317037,23.097909685011906,12.87210694680971,0.17205210828371145,2.683908641629898,4.193102544082194,
10850,34.69210700511851,16.646290141056262,30.437531322273266,4.36376458830447,19.36673462437039,8.583613998509474,3.6565193080029372,23.11108233898444,12.810021011572866,0.16762436314820037,2.61819155342161,4.156811783407339,
10900,34.612001524688104,16.456303659174214,30.4496423529417,4.282432210874095,19.369204118039058,8.40328791588934,3.585040295647208,23.124431975583704,12.756642413722227,0.16330301403942862,2.554084041504507,4.122657030221555,
10950,34.538039200697256,16.277409942920194,30.461813428931364,4.2036979737799856,19.371596107373684,8.227374299589611,3.5157662932663007,23.13791856668488,12.710956397179421,0.15909198677546463,2.491548718376892,4.0903820758786065,
11000,34.46964520810251,16.1087183294512,30.474015727417147,4.1275144861793125,19.373925796253815,8.055809554619145,3.4485423102730484,23.15149635909904,12.671926697402345,0.15500000168008995,2.43051489307931,4.059755534307925,
11050,34.40632830769546,15.949466824648965,30.48622534237959,4.0537503337038245,19.37617903731101,7.888451052468437,3.3833436216099204,23.165141129589017,12.638753483258165,0.15102208862563893,2.3709144423560895,4.030589481122978,
11100,34.34765187408967,15.798976905896724,30.498418286701323,3.982343907112342,19.37835349094408,7.7252914104772525,3.3201667168752396,23.178824664105907,12.610630396504362,0.1471502612985995,2.312724344722134,4.00270520321469,
11150,34.293226307430125,15.656620217955126,30.510581999092324,3.9132907276236533,19.380460084657493,7.566213359288769,3.258905230121139,23.192526404954418,12.58689583299678,0.14338762041498626,2.2559268592645765,3.9759591929822453,
11200,34.24269849250642,15.521829737988673,30.522699776290956,3.8464939967932628,19.38250554494062,7.411268769138265,3.1994250816953054,23.206216808413934,12.566925895597809,0.13973231509019823,2.200467130041654,3.9502444766192895,
11250,34.195744779777016,15.39406674901476,30.534761665526805,3.781909929888824,19.384488275707156,7.260316340020524,3.141746380976652,23.219886489535735,12.550197519975164,0.13617246476690367,2.146323745584668,3.92544698052871,
11300,34.15206551470522,15.27282647785156,30.546756788539007,3.7195036040275493,19.386415733116877,7.113271433844328,3.0857836465998214,23.233515461073605,12.536230865003862,0.1326978702781431,2.093486968562645,3.9014669401385125,
11350,34.11138394889734,15.157620475593516,30.55868217752459,3.6592468043403095,19.388294340389997,6.969977997163961,3.0314824707449572,23.247095906254494,12.524606079357808,0.1293166258979818,2.0418833430839882,3.87824124557186,
11400,34.073492693075615,15.04810860127268,30.57053044730137,3.6010764169315586,19.390129011808593,6.830562493941433,2.978773702181549,23.26061303441961,12.514952616808698,0.12602278363407918,1.9915127553110636,3.8556725175937427,
11450,34.038113329189606,14.943775160459863,30.58229459939816,3.544889977800492,19.391918278146427,6.694811971170435,2.927669890207819,23.27405965994078,12.50687621695964,0.12282693068593177,1.9423316774410606,3.8336818690982586,
11500,34.00501380387911,14.844179935197138,30.593974665830835,3.490690528380659,19.3936713233375,6.562645195380369,2.878152914837724,23.287428006001765,12.499986676142692,0.119723280592725,1.8943067736902701,3.812188088562258,
11550,33.97403933605712,14.749058178804711,30.60556537047127,3.4384850712415447,19.395401650556174,6.434216685026663,2.8301404122774754,23.300701412189273,12.493988568897306,0.11669380175236252,1.8474447864596268,3.7911236581264953,
11600,33.94507146063726,14.658218294338617,30.61706244732317,3.3882505400321024,19.39710270905687,6.309483374508717,2.783672895985941,23.313882692220794,12.488749619798414,0.11373043777021986,1.8017285774377643,3.770473745182888,
11650,33.917968668580905,14.571384720603257,30.628472797823367,3.339901985213211,19.39878526543714,6.188271354957532,2.738685614111315,23.326970901866375,12.484158029090874,0.11083751935890247,1.7571238642916245,3.750218649617648,
11700,33.89259536292649,14.488299035627026,30.639797836952436,3.2933588434200365,19.400445756366953,6.070419606009731,2.695124270366803,23.339971102108098,12.48010786840299,0.10801404261026894,1.7135522029451835,3.7303554458274797,
11750,33.86886320421088,14.408800332004205,30.651041870350596,3.2485669379677677,19.40208854234114,5.955941159158268,2.6529509773435533,23.35288460127528,12.476504096824337,0.10526282186629406,1.6710212608824828,3.710864833992279,
11800,33.84659204964882,14.332526663993995,30.662199412326117,3.205472700404683,19.403706052279404,5.844495612572385,2.6121823688931483,23.36570996429671,12.473186682626832,0.10258660656538736,1.6294905105316906,3.691714018482409,
11850,33.82568122687637,14.259275673252555,30.673274486700052,3.1640594572583094,19.405314125905587,5.736132119618521,2.572747295400023,23.378440104580516,12.470000141354788,0.09998889776068004,1.5889038281557124,3.672873962547847,
11900,33.80604477001741,14.188895861473013,30.68426139284919,3.124261420802642,19.40691386559304,5.630955509461412,2.534595700584924,23.39106731069857,12.466827021908475,0.0974705652738408,1.5492488235783037,3.6543171878106735,
11950,33.78754996341108,14.121124930330359,30.695152112866335,3.086015966345096,19.408499351804096,5.528776819582039,2.4976987979658207,23.403585411852394,12.463559287918171,0.0950386907125772,1.51047646264896,3.6360179785178848,
12000,33.77009692272463,14.055746330852426,30.705951235109854,3.0492710826354816,19.410069895415404,5.429444274895601,2.4620540521599965,23.415999980310534,12.460102252782647,0.09269552942168033,1.4725975910308222,3.617964074720264,
12050,33.75362314025756,13.992633495868505,30.7166613248385,3.013987691757143,19.41163203704831,5.33298234503107,2.4275741560145057,23.428309377627738,12.456405235668395,0.090440574504464,1.4355598663080154,3.6001325885370172,
12100,33.7380201852745,13.931567945081065,30.727274864744828,2.9800975611801666,19.413182546859705,5.2393980838889815,2.3941995062325607,23.4405083449875,12.452309847741917,0.08826290891226907,1.3993795391876656,3.5825101453659167,
12150,33.72320387464393,13.872354308718103,30.737798644408315,2.947608406472675,19.41473438132977,5.148538852345778,2.361955952889542,23.452594603407583,12.447730905040011,0.08616390848460281,1.3640590694350558,3.565053328871018,
12200,33.70911154449899,13.81486978348288,30.748228794271814,2.9164490344078966,19.41627949656262,5.060470555003376,2.330812702702872,23.464566556695896,12.442594808673741,0.0841444115442628,1.329574345570643,3.5477695920903285,
12250,33.695661624650086,13.758931391404818,30.75856660004707,2.886604827935142,19.417819192268965,4.975055122846655,2.3007849313509237,23.47642557785959,12.43682739438871,0.0821981941055798,1.295849536336767,3.5306404258120954,
12300,33.68277474063356,13.704358342880445,30.768813377154885,2.858037306958908,19.41935516412838,4.8921072118878675,2.2718604759392225,23.4881745411322,12.430362758561483,0.08031984713642965,1.2629233045496313,3.5136634528440736,
12350,36.60811159156028,19.8677854458762,30.747763102000768,8.47581381746481,19.634676817894903,10.896293315940312,5.8151596995188894,23.25629980707675,12.585056941577191,0.449138494675372,3.8055508345906346,4.0404837395141335,
12400,37.4689705935373,21.274291403198806,30.84361007779641,8.39064937758959,19.73381787566563,11.88213800898246,6.019976270825394,23.29913988325331,13.650282984947435,0.42361135535388866,4.028654986143167,4.591538086486916,
12450,37.97103457906869,22.019633518891727,30.934369343798334,8.194702928533266,19.794844721356903,12.198895896019746,5.986808460093311,23.36663572418204,14.58940886327951,0.4132411065170124,3.9507572719532758,4.850332924135082,
12500,37.920658443055736,21.891589841828896,30.963440231215078,8.001794587730025,19.8090555384323,12.051143042536516,5.867382245158923,23.392562516662657,14.703161674192186,0.4033703980839833,3.853470782519736,4.846217772686512,
12550,37.77086188756152,21.606498805604257,30.980594201736512,7.815428681481661,19.81629644507663,11.838325355499371,5.741383956941397,23.408797031213247,14.645522840567196,0.3935994216202306,3.7579322063831593,4.798119193652532,
12600,37.596289544499825,21.280313701474075,30.994019363108126,7.6346913619159,19.82150752845703,11.610708738822604,5.616048350194641,23.421874812646504,14.537493307193525,0.3840209311332681,3.6647125455875145,4.738273590524609,
12650,37.41514067645418,20.941291794781236,31.005726080914222,7.459175968476798,19.825796080060446,11.379416338128262,5.492583341393343,23.433484491803537,14.409817342092643,0.3746610198879617,3.5737492366168033,4.674246655589423,
12700,37.23444777624157,20.600520145568428,31.016490306507777,7.288555890111175,19.829508522654947,11.148129735038149,5.3716718785379625,23.444342263042966,14.275031244432538,0.3655232329731945,3.4849589116636888,4.609093577089699,
12750,37.05797567179154,20.264146485479777,31.02672925247054,7.122700583327542,19.83283976140748,10.918885497994387,5.253680360819666,23.45482341238239,14.140015541752796,0.3566113710366057,3.398331131471882,4.544374485183171,
12800,36.887749814065124,19.935651491183016,31.036686130564174,6.961735168722622,19.835916551492232,10.692771053717085,5.138869299217849,23.465138120848835,14.008537553715614,0.3479194201553662,3.3138291657087393,4.480967616421575,
12850,36.72483165978275,19.61703154521249,31.0465027626868,6.805476213623136,19.838762002655315,10.470096384600573,5.027144831196904,23.47544739272356,13.883145005024154,0.3394412243336015,3.231368782446109,4.419486691747354,
12900,36.5698696938062,19.309657783374917,31.056279328195664,6.653624884334084,19.84142533668457,10.251225191210466,4.9184369853648295,23.48584629844447,13.765516079320806,0.33117093841421885,3.150903453154188,4.360225863834032,
12950,36.42302770912776,19.014102629133056,31.06607230901075,6.506014144525978,19.84391304643238,10.036129474722008,4.812602749069678,23.49639821320545,13.656471172672441,0.32310389901609604,3.0723325011068754,4.303399283419571,
13000,36.2844986771246,18.731016749580107,31.075936925171,6.362678046849773,19.84625012640228,9.824907815083426,4.7096707679893255,23.507151051572528,13.556662864248153,0.3152339202528757,2.9956700055726313,4.249122985020824,
13050,36.1542759363351,18.4607136587645,31.085908699759205,6.223469230299294,19.84844213494501,9.617466809294665,4.609660909601142,23.518145743338888,13.466495463672835,0.3075544606297027,2.9208772967546253,4.197500363255151,
13100,36.032287974714905,18.203396835458626,31.09601454115301,6.088276548714921,19.85049865793935,9.413932079565411,4.512386487904281,23.52940867590643,13.386112369788501,0.30005964095566195,2.847908062478628,4.148605336799559,
13150,35.91846282896959,17.959271923305934,31.106277886960783,5.95708197375968,19.852434557622978,9.214190882062594,4.417870380248613,23.54095681036803,13.31570459756403,0.2927415461126234,2.7767437983693073,4.102493871989036,
13200,35.81260221867874,17.728309066962453,31.116708297947746,5.829717588579903,19.85425157729209,9.018204107424465,4.326160462185063,23.552801942872183,13.25516907908392,0.2855953761467539,2.70732569906772,4.059154014520032,
13250,35.71447274131818,17.510392166144157,31.127314843689888,5.706128891079305,19.855966357627825,8.826010418585911,4.2372006782291685,23.564941722285443,13.204218168746321,0.2786129681217609,2.6396633031238266,4.018534983610941,
13300,35.62385298892246,17.3054256166153,31.138097983084233,5.586222227384099,19.857595280135723,8.6377282402284,4.150887478495816,23.57736203713749,13.16261006534808,0.27179203281039144,2.573705931769895,3.9805249888446808,
13350,35.540383832544514,17.11302597617552,31.14904853929465,5.4698678781094605,19.859146309431885,8.453243312495614,4.067208072204953,23.590047364639442,13.129880960475518,0.2651306540161274,2.5093914562110693,3.944969425983091,
13400,35.4636387349778,16.932648174035567,31.16015240879524,5.356988391932307,19.860630267023907,8.27263530926871,3.986105812606877,23.602969592624895,13.105248358167389,0.25862532121644927,2.4466861993534446,3.911688899482061,
13450,35.39320615917917,16.763756224266864,31.171389437744224,5.247507184489089,19.8620509840604,8.095896151789699,3.9076499348173113,23.616098659415677,13.087991208167692,0.252273184222334,2.385548647054392,3.880498022750101,
13500,35.32865913109131,16.605741012613855,31.182743968785612,5.141313033218063,19.86341283375207,7.923023162070526,3.831820200540947,23.629413219671708,13.077350772310785,0.2460709145247512,2.3259418340859686,3.851222685937243,
13550,35.26960725042689,16.45804429477461,31.194197755201237,5.038302110299661,19.864728826513897,7.754162706699533,3.7584572389478925,23.6428807465719,13.072619459558924,0.24001735625857287,2.2678089017377863,3.823671130948325,
13600,35.21562946678348,16.320017087315154,31.20573025922531,4.9383956137484395,19.866003136554887,7.589282453557812,3.6873989493419495,23.656471411205096,13.073098923081554,0.23411076396654182,2.2111057424178613,3.7976645685214323,
13650,35.16629453003205,16.190961211971395,31.217319647999894,4.841471797566141,19.867228109356663,7.428252280760237,3.6186046953947364,23.670164886126642,13.078084696282387,0.22834798155975078,2.1557975344928972,3.773039398018988,
13700,35.12122668615178,16.070258200510345,31.228950755812946,4.747443248492942,19.868410840644806,7.271005898380383,3.551993118644946,23.68393889195337,13.086953601836266,0.2227262403294579,2.101850252391469,3.7496290275915314,
13750,35.08009062996841,15.957357422714402,31.240606631282603,4.656252599635454,19.86955251006569,7.117578926182088,3.487506573412716,23.6977713490136,13.099105974865983,0.2172423545983361,2.049236080636947,3.727306602519263,
13800,35.042579092446864,15.851726586120758,31.25228173572717,4.567851658691999,19.87065975168049,6.967908096623844,3.4251107476213356,23.71165100955413,13.114028913733629,0.21189245309202714,1.997924601979099,3.7059527459284647,
13850,35.00840709232557,15.752871636717712,31.263966516408093,4.482148119991268,19.871729656742577,6.821869143805621,3.3647855034010834,23.725569256438067,13.131314303929367,0.20667335279678964,1.9478706315197611,3.6854619737788554,
13900,34.97729759853829,15.660298401191573,31.2756518922044,4.399045754668831,19.872763858470616,6.679406436593458,3.3064473998392305,23.7395124254432,13.150541860290327,0.2015824300892008,1.899048151871311,3.6657488786235595,
13950,34.94903648817438,15.573621144027369,31.287337309429955,4.318521282173646,19.873769802646976,6.5404892381970265,3.250016369340457,23.75347303707048,13.17139157329005,0.19661775374353993,1.8514305006177878,3.6467386255566634,
14000,34.92339800305042,15.49242865436552,31.2990156789133,4.240474237943559,19.874739462021193,6.4050253414665645,3.1954808451688965,23.76744979589294,13.193554381893609,0.19177568359191283,1.8049850560630072,3.628373490037565,
14050,34.90020515157405,15.41639977609184,31.310684080129434,4.16486015794945,19.875678693940426,6.272988838009072,3.142775473843015,23.78143514105692,13.216797841197726,0.18705216392212184,1.759689072663098,3.610586186934762,
14100,34.87928432396032,15.34520229265843,31.322344126023758,4.091609203926787,19.876591154881588,6.1443517004425985,3.091808447546997,23.79542843681981,13.240895445968608,0.18244542212850642,1.715499013282233,3.593333541590723,
14150,34.860468063074215,15.27851362997344,31.333995194282735,4.020681957489336,19.877480042218842,6.019019692129186,3.0425177710722706,23.809427833454425,13.265645592986456,0.1779529928241156,1.6723992398634617,3.57656702197138,
14200,34.843589582735795,15.21600946555391,31.345634320496817,3.9519945577220756,19.878344690889627,5.896897052825017,2.994842028844945,23.823428640038852,13.290866240506782,0.17357162906441456,1.6303530440555372,3.5602467608234254,
14250,35.041971302615025,15.757014544550026,31.299460784750487,4.67851947972773,19.90639949597537,7.033210967456573,3.1898155371353787,23.739220807486817,13.016481344445227,0.1922461558158957,1.9440712884726867,3.653727519675916,
14300,36.99760450363934,19.870638544869475,31.20866006138138,6.72564711159467,19.9016755463,10.502127302169434,5.480868974481651,23.60887085104564,14.091175566098187,0.20131611709768069,3.150428146845264,4.6120906775577595,
14350,37.89820483579666,21.427439944894584,31.25921859522304,6.4327576199236445,19.90042524077517,10.591514009756134,6.516421523460427,23.6746173051885,15.759300866307056,0.18104892197880032,3.350452874156861,4.9113475146178445,
14400,38.17981665604324,21.868546907392215,31.296406439849658,6.242772360778818,19.899090266016724,10.441125888161967,6.630763976460908,23.72242496601517,16.473420636189974,0.17742350258556652,3.300693013306294,4.971435588347241,
14450,38.11440497753287,21.730971019245406,31.312501742149227,6.094091020451039,19.899254388626627,10.229190133697246,6.592688086561146,23.74249891868469,16.527134696738653,0.17395920864072573,3.2225134486664393,4.9216296369755925,
14500,37.96875761174334,21.45935695823334,31.32287588198823,5.956209708924963,19.899478816328767,10.009489422873838,6.514140829256347,23.755327033660716,16.42497641591257,0.17030048208107437,3.144111765717543,4.850474232703887,
14550,37.801865747481926,21.15024843522826,31.331263062933985,5.825146393314183,19.899726986386117,9.790648041801042,6.424180989941599,23.765635275348576,16.27551400462957,0.16656282326159744,3.0671797811035852,4.773844126588461,
14600,37.63012275716847,20.830499350372097,31.338736980512085,5.699451941575214,19.90003114086793,9.57516412096008,6.329248021515942,23.774746602879823,16.10954460636246,0.16283760499202113,2.9919409165654542,4.696143995577536,
14650,37.459801806354875,20.510486668580143,31.345760287308146,5.578709660994113,19.90041300657407,9.363678591745206,6.230465787841435,23.78321587948826,15.939575542808534,0.1591337311282427,2.918443325796214,4.619206675287094,
14700,37.2943949030794,20.19625238412468,31.352564182592353,5.462527984916039,19.90086597990743,9.156479553596554,6.129746200354897,23.79134801801635,15.772439301858551,0.15546168307721375,2.846666890161654,4.5439567989561,
14750,37.135929163307665,19.891535077230714,31.359274020511148,5.350440893483537,19.90137051804795,8.953853480145021,6.028350290269694,23.799324358911463,15.612296314008224,0.15184701277823506,2.7765477094647157,4.470912476164294,
14800,36.98567858514025,19.598862436345115,31.36598494555085,5.242322117940727,19.901925698462495,8.75580060677657,5.92745915390022,23.807266364007784,15.461820560559495,0.14828967943759933,2.7080478809784303,4.400417763427558,
14850,36.84410694609989,19.319417182701596,31.372732370266704,5.137961069451636,19.90251001911892,8.562274871716827,5.827377392473426,23.81523102222329,15.322388668785948,0.14480126525448533,2.641107320947365,4.332614792914869,
14900,36.711355402974725,19.053811844429703,31.379545403345027,5.037282455498453,19.90313502979503,8.37344748025044,5.727790894243403,23.823243660009933,15.194718036585671,0.14138231693538691,2.5756857351965823,4.267536183621912,
14950,36.58748989147567,18.80256308900941,31.386430791707657,4.939987235565032,19.903794236826737,8.1892561780373,5.629018379553898,23.831319496708556,15.079347630246575,0.13803246731393082,2.5117356492174743,4.205207502712123,
15000,36.472493385041545,18.56604036124277,31.39338973456998,4.845824985512822,19.904471897254858,8.00967769274706,5.531751611877831,23.839466505660145,14.976468094837154,0.1347686775732623,2.449219887381862,4.145592751645895,
15050,36.36625424312915,18.34441996225073,31.400425218848323,4.754818922093284,19.90516892661153,7.834638855629539,5.4359224979455965,23.847691759430585,14.886214283241047,0.13156753958271994,2.3881619407121786,4.088663581580056,
15100,36.26835054225632,18.137287667836606,31.40751577425579,4.6667801800813775,19.905873288589106,7.663969930290089,5.341291218082939,23.855981412050724,14.808200286702506,0.128424747904253,2.328557316562778,4.034287855503083,
15150,36.178448632232524,17.944353481373646,31.414651415710484,4.581524456403903,19.906572649597113,7.497688670950065,5.248545065751395,23.864331144744323,14.741772508657942,0.1253450356210872,2.27037121191085,3.9823522222664827,
15200,36.09608120537085,17.76504028701985,31.421814428598616,4.4988552636957575,19.90726291686488,7.335961321276073,5.15732407313901,23.872721990222868,14.686245936886262,0.12234331942172247,2.2135492248010302,3.9327471006433945,
15250,36.02070712332812,17.59856949731531,31.42899446868679,4.4187924648631975,19.90794501724939,7.1784310902883055,5.06768158114262,23.881138481417963,14.64076702370212,0.11940929585659657,2.158071428757185,3.8853192145324367,
15300,35.95235695238302,17.445269343088086,31.43619805222436,4.341371528025678,19.90863042981359,7.024980197462253,4.980285872355673,23.889579272752155,14.60545702118672,0.11653738696388288,2.103914407157174,3.8400383499574544,
15350,36.80453574086952,19.32603574067137,31.322167767433257,6.589264112365017,19.886145303401012,8.123142763639784,6.026276452045997,23.7279973191231,14.975705891966527,0.42615911073974677,3.236552665443894,3.930484679101579,
15400,37.532522027874776,20.722439341697186,31.29330147975101,7.321154716905351,19.868151967260967,8.673324760809923,7.181182268439072,23.6907328022623,15.523726306908854,0.48050931905254973,3.76557464207839,4.111466752885294,
15450,37.8808316120796,21.284637339097966,31.335628555460726,7.2944790713029155,19.885291978393322,8.674169143316037,7.651219527611012,23.729324721496017,15.942182326484248,0.44841813893604276,4.017664453585589,4.354771577309872,
15500,38.12119901695058,21.709769130904327,31.335470935870536,7.3315195478497515,19.90972953314949,8.772970960597755,8.415161224629232,23.70460850097639,15.953575038112692,0.41702037287406274,4.208276019097955,4.581357210339422,
15550,38.36881102118001,22.056969384366322,31.395155052271217,7.1544695857013005,19.920691777224665,8.71385714618491,8.308010634375798,23.772771574042363,16.584481884683807,0.4060413295714269,4.124695681285454,4.671533416187541,
15600,38.27398978444734,21.859314488951362,31.417648926886628,6.98702710633168,19.923384332128343,8.556892999280944,8.13676096002397,23.799624732346,16.59761190904364,0.39624028459671046,4.024034529696388,4.632330679572291,
15650,38.117828412114115,21.562377029537142,31.43298808085962,6.829526736260538,19.925189209247158,8.387526348113852,7.961373205929262,23.817955181147955,16.48716780903725,0.38674493848137415,3.924383135661107,4.572432045198201,
15700,37.94733324747806,21.240529999713225,31.445826208360888,6.678686260684122,19.92666490925756,8.217188303960988,7.789753863501102,23.833298829823107,16.33996833271875,0.37748521361744714,3.826987865740224,4.5068611812503345,
15750,37.77469253456116,20.913090043018038,31.457432522907062,6.5334722986386,19.927968026211786,8.04861342358586,7.6198361564184225,23.847149139845627,16.18064801158971,0.3684575506387874,3.7319775015624947,4.439801329457497,
15800,37.60569224351982,20.589515561905227,31.468395860615285,6.3933430181386015,19.92917957891588,7.882823066427335,7.453988942143962,23.860189362871953,16.019815997683203,0.3596342671781091,3.639316808893483,4.372996702320518,
15850,37.44235186673222,20.273217159801664,31.478983136431026,6.25781477157388,19.93032765676047,7.720277753405752,7.290600899067943,23.872749311521506,15.862470718634421,0.3510117946277822,3.5489511453946387,4.307151788497028,
15900,37.28649982320128,19.967629565144858,31.489313085787416,6.1263943915357295,19.931390435893377,7.561287230407309,7.131937446114771,23.884994275490694,15.711914319422956,0.34259293719567513,3.4607839988393168,4.242739783743815,
15950,37.139185909017385,19.674862234827785,31.499506758441516,5.999075992941195,19.932426650381398,7.406299406541021,6.978908963308445,23.897040466278433,15.570096408457415,0.33437596488801374,3.3747487877970124,4.180067217512261,
16000,37.00039752283387,19.39521728792642,31.50960112730485,5.8756471138888315,19.933434359950567,7.255095304802733,6.831955897711485,23.908928920643366,15.437388201066025,0.3263620625637786,3.290731080160166,4.119113174904909,
16050,36.86983635191576,19.128449554512766,31.519632774788306,5.755953577993149,19.934408128199333,7.107312959563337,6.688560270344196,23.920708188131353,15.314733516765845,0.3185389993606017,3.2087443023557403,4.060002168092245,
16100,36.7481133283089,18.876053325909744,31.529643893130885,5.639840981584487,19.935355946027748,6.963073253778903,6.549775875461867,23.932437719353203,15.203400968816306,0.3109006760950678,3.128712170240571,4.002896670867806,
16150,36.63552798225225,18.638965394830333,31.539671519353284,5.5273027303170785,19.936288392375772,6.822381427244059,6.416091366795695,23.944158841695526,15.104198829818403,0.30344539709635776,3.0506276805569748,3.9479298568404015,
16200,36.53194311735473,18.417311592744287,31.549730610980003,5.4183873666077575,19.937212923198498,6.685076675905109,6.286825144549864,23.95589441334201,15.01749466307335,0.2961703927401615,2.974426393676202,3.895139817469766,
16250,36.437030341972,18.210867235094597,31.559808216900592,5.312937822747873,19.938123520805643,6.551076422256321,6.161684904534373,23.96764367467244,14.943103704143796,0.2890689213233683,2.9000675118373405,3.8444629151728034,
16300,36.350383112820744,18.01922802906193,31.569887134507024,5.210887535530034,19.93902798523368,6.4203417310834014,6.040763021280927,23.979390178353803,14.880399011390748,0.2821237935987346,2.8275986408388727,3.79581674337488,
16350,36.27153631461861,17.84182566582396,31.57995572405132,5.112231842061815,19.939930870719433,6.292733761992513,5.923517314075395,23.991125180910853,14.828873774875918,0.2753365056237774,2.7569449800300627,3.7491189399090468,
16400,36.20007676108503,17.678163539158437,31.589999863741962,5.016880451571409,19.940829704914403,6.16824491506174,5.81001599717474,24.002838224077628,14.787853813528638,0.26870434926875203,2.6880599216247214,3.704256485717993,
16450,36.13559099962528,17.527682204049775,31.60002046591167,4.9247531767033665,19.941723090865317,6.046678128019169,5.700519311466529,24.014528315572303,14.756613346919382,0.262219414253095,2.6209075526588426,3.6611560050115037,
16500,36.07762225468488,17.389725100960955,31.610002981093547,4.835669776380589,19.942600952478617,5.928090555174733,5.595160593277651,24.026188994536554,14.734313155653178,0.2558801287321883,2.5554241032547713,3.619710508175253,
16550,36.02563482231378,17.263440250257094,31.61993034585166,4.749571344994694,19.943458889192346,5.812441194999968,5.493844563703784,24.03779705006115,14.72000738614483,0.24968750208087964,2.4915522959193086,3.579818714551631,
16600,35.97911920029098,17.14798690038214,31.62978918192579,4.666341437003611,19.944302791897016,5.699839242476083,5.396461738891401,24.04932510033573,14.712757431208518,0.2436364641654293,2.429248224439349,3.5413586099063417,
16650,35.937527398958984,17.042422175681104,31.639559445997048,4.585906685636918,19.94513478929665,5.590282259048993,5.303108319789427,24.060757180122295,14.71146853526259,0.23772891643590952,2.368450476988494,3.5041839030799817,
16700,35.900362694696966,16.94585422864496,31.649234841814188,4.508214648573608,19.945960821796074,5.483616961834602,5.213570161305068,24.072077516068017,14.715302609701912,0.23196087622950903,2.309112022317938,3.4682083794344725,
16750,35.86707888005328,16.857260737752913,31.65880774456578,4.4331560568175234,19.94677707354326,5.379748007623633,5.127331222871967,24.083272581476272,14.723395109210594,0.2263283393489071,2.251185493165866,3.4333515156798233,
16800,35.837274160896555,16.7759052296239,31.66826839298198,4.360709958916092,19.947584447939516,5.278797007697487,5.043819927802049,24.094329672269033,14.735116205513545,0.220826117761192,2.1946401982117916,3.39954461617464,
16850,35.81065354452782,16.70124190222018,31.677617116975952,4.290806601869962,19.948390166148812,5.180772993259908,4.962756306534436,24.105243253099403,14.750023933358976,0.21545134745423036,2.1394323712096823,3.3667058566281582,
16900,35.78682590812512,16.63251350058865,31.686849058105967,4.223305798714242,19.949185463016274,5.085341899206934,4.883919702808092,24.11600835523836,14.767565809883962,0.21020803938694596,2.0855112459774854,3.334789147723357,
16950,35.76555013450219,16.56927066987666,31.69595945687643,4.158103544023709,19.949963843114595,4.992377282556315,4.807197614459623,24.126622557802563,14.787408015400166,0.2050920527249618,2.0328728394554196,3.3037444772956457,
17000,35.74675457771792,16.51140563676544,31.704951454588088,4.095107195978728,19.950729123309486,4.901974546457422,4.732733211102477,24.13708953571467,14.80943175025284,0.2000967905861685,1.9814917990715286,3.2735517017282776,
17050,35.73041498165542,16.45889878238166,31.713833032804807,4.034356357773645,19.951485784099912,4.814226829228726,4.660580863576275,24.147412107436832,14.833627328013176,0.19521998880481958,1.9313231613839028,3.244196881658718,
17100,35.71637415062126,16.41145071696,31.72260499757167,3.9757887256720523,19.952235082913663,4.729010430434887,4.5907721536808435,24.157592470779758,14.85977379080521,0.190458979802361,1.8823640704139404,3.215641901582311,
17150,35.70449937289646,16.368817384498353,31.731263651202223,3.919261103493798,19.95297079838941,4.646296173897701,4.523572059650676,24.167633858106548,14.887636371278036,0.1858117265048168,1.8345890029689655,3.1878466157540224,
17200,35.69462637810252,16.330680518616475,31.739805072987018,3.864737758019942,19.95369347671795,4.566044152494805,4.459098301966443,24.177530494620868,14.916930110660651,0.18127581383278843,1.7880061016848325,3.160750325020801,
17250,35.68647475654557,16.29647085585374,31.74822070910233,3.812079315143376,19.95439662377718,4.488056698630066,4.3967170425559035,24.187276786003245,14.9473973826801,0.1768498905493937,1.7425802010269447,3.1343109392510446,
17300,35.67997353271465,16.266035660471875,31.756520514493946,3.7612407745058745,19.955086232540086,4.41258829931242,4.336409949169377,24.196880856643094,14.978881702174204,0.17253325341432896,1.6982801842735438,3.1085144829447073,
17350,35.67500797012288,16.23912818226662,31.764711702583497,3.712202949821264,19.955767288889497,4.339348905907456,4.278547480192998,24.206349614894787,15.011168266081556,0.16832155757709713,1.6550556586242702,3.083358818053866,
17400,35.67149700552883,16.215590626153027,31.77279212251372,3.6649356171572354,19.95644366455059,4.268596302955532,4.222845379644313,24.21568098321261,15.044172419729788,0.16421407266984706,1.6129009233045284,3.0587937782451147,
17450,35.66916086962274,16.194836027954327,31.780753974232564,3.619260551670332,19.95710771278686,4.200093451243854,4.168840971530171,24.22486711730952,15.077591716654094,0.16020926741758917,1.5717647444160385,3.0347572638856466,
17500,37.71075518239403,20.6032961974231,31.58488946043201,7.667004304645028,19.970689389055774,8.956815138629194,7.732034703603501,23.92706341618073,15.102017869411092,0.3787313357854484,3.300083358680355,3.587683599576628,
17550,38.22014362763706,21.469353523086724,31.620345320978537,7.953758466999554,19.992728102020887,9.34562990854943,8.728660548307738,23.95044067324699,15.27857217839779,0.37918927460006857,3.5201175071602995,3.832000368726789,
17600,38.49967060670304,21.87729726110182,31.67978063961335,8.010605122594331,20.00953398561003,9.302259964933896,8.86477459227721,24.010554739268702,15.666170606278381,0.3494947954915922,3.7235946650857112,4.078502035276097,
17650,38.72507722501038,22.176184676104693,31.74662878628717,7.827802401095743,20.00959522368965,9.209550360234994,8.822747515161621,24.096163061351383,16.179393129615804,0.3395178536829707,3.7411343014341987,4.336741694669808,
17700,38.86481697791377,22.345325886115383,31.798748556665497,7.641543614071387,20.01357765381365,9.068675948193754,8.724330552269759,24.159269288139516,16.629322913304925,0.33526728774642806,3.6463659300144853,4.423757524494502,
17750,38.75885732986307,22.128266662045124,31.82120104663088,7.470082458882217,20.015772742767048,8.895388801971007,8.568676628374575,24.186082539202452,16.62053012907717,0.32833526850261213,3.551896846607909,4.396951712497912,
17800,38.59313731272324,21.815233033741727,31.83592083358442,7.306480484959682,20.017304481905217,8.714854763478405,8.399933587285593,24.203626691259355,16.49429855784801,0.32106199310611855,3.4610728031686704,4.345802382007289,
17850,38.41526167632861,21.480944971085705,31.84809778950682,7.148403031051522,20.018678127732294,8.535291396312271,8.234626963554126,24.21804871838673,16.335330427577468,0.3138106196671692,3.3732661477337063,4.288426730527085,
17900,38.237281610051944,21.144471154136287,31.85908103725397,6.995194370152581,20.01991124853419,8.358483839642776,8.073870670728349,24.23104730311366,16.16700890231005,0.3066582332904188,3.2879534513476454,4.2294168773510545,
17950,38.063716154864295,20.813143130454723,31.8694141858504,6.846640612135245,20.021069845638724,8.185192060857382,7.915419801618201,24.243262758585733,15.999501106293991,0.2996164662080657,3.204957509890675,4.1706324309702545,
18000,37.89677649795774,20.490821105787305,31.879333734361246,6.702762375427664,20.022176942671674,8.015912280568081,7.75937328877005,24.254988544747732,15.837379757831293,0.2926982767898247,3.1241491990903434,4.1128220272458575,
18050,37.73724899368639,20.179093662215898,31.888934453553052,6.563378771957223,20.023229936584848,7.850812391040164,7.606088980605063,24.266347914475382,15.682460838263774,0.2859237486934226,3.0453383945444736,4.056276797307171,
18100,37.58534967193146,19.878615326807445,31.898262690155626,6.428625478441904,20.024247312612687,7.689731253999441,7.456147570347642,24.27739627941676,15.535254880860185,0.27929204967734883,2.968515241993176,4.001062299063224,
18150,37.441299809888356,19.59005750196009,31.907374986417224,6.2984543324297855,20.025225595445544,7.532514255665732,7.3101733110622655,24.28819220782896,15.396380394492471,0.27279966445381104,2.893655929531141,3.947260468526015,
18200,37.305402864044225,19.314243153409354,31.916345252231174,6.17269929427401,20.026194046415135,7.378887005979478,7.1678928645366105,24.298801294620166,15.26713543211955,0.26644744719674024,2.8207199510294956,3.8950138356082245,
18250,37.17794180460897,19.052026067463313,31.92521980427996,6.050994861394086,20.027137294254565,7.228897506642463,7.029693092454426,24.3092902374585,15.148448600456133,0.26023696793379136,2.749660000695126,3.844425240156113,
18300,37.05910527474162,18.80412461564508,31.934028577736203,5.933122168051121,20.02805997029409,7.082595719015872,6.895799690773059,24.319698619652186,15.041068487910342,0.2541681170068813,2.680420589252478,3.795550718889747,
18350,37.80837148236823,20.47972055529572,31.781346732411333,7.605261676690744,19.931745110604275,8.425384782122602,8.108177992586663,24.163393635813406,14.896284247203985,0.48189445695121574,3.9605909654175555,3.992674204298874,
18400,38.13093864119263,21.116746859715132,31.749826514819073,7.856414256781968,19.89457119344915,8.70599541613113,8.472643856163137,24.147110294744202,15.167541720604547,0.5028922058814166,4.249009575170992,4.1745638383532215,
18450,38.30781890663463,21.366578952820507,31.795570339850816,7.918729471238592,19.936697637724148,8.645281919301288,8.578874005419031,24.174886677415586,15.395388863327028,0.4622100597891787,4.379171787522939,4.258978020466458,
18500,38.36863689195841,21.450132135497313,31.812641014487582,8.07764357946279,19.963160506378607,8.570278048878684,8.527508521621792,24.17260121645273,15.445481467727781,0.4171876800656687,4.538186516843539,4.308293927255112,
18550,38.445787386547586,21.528691707960757,31.85269221141603,7.990401206976529,19.972243054590532,8.453629774995239,8.475227947778981,24.21745424504832,15.651826302133504,0.39316277701494085,4.548442604306347,4.443034408482959,
18600,38.59272459119268,21.700173411054955,31.913960351259945,7.81989300157465,19.981124858637934,8.337082138413518,8.337859376722648,24.288946182265043,16.107819862645595,0.38245073385211703,4.450239669698823,4.53980259223294,
18650,38.641409246921334,21.720496166172495,31.95901367194149,7.666896812352206,19.987981494493663,8.224019638282025,8.185684258456202,24.34072657968299,16.36618158390093,0.373057699442526,4.343455819362998,4.570582159486692,
18700,38.61126866672365,21.618783388125518,31.991534393824,7.518130257071256,19.99274040914199,8.108080489395876,8.020248023786833,24.377967810267833,16.473116154742105,0.36416732758088327,4.236353833274335,4.561204532736099,
18750,38.53236450496765,21.440823554443956,32.01615529152262,7.3710956446536855,19.996078452772167,7.982493980283814,7.8504385534091075,24.406321186037022,16.48749988476061,0.3554861199356467,4.131025138862293,4.529835412038666,
18800,38.428935042847506,21.22393964007485,32.036345526321384,7.22749021348298,19.99862558757528,7.850616952484999,7.681574882121901,24.429717281614938,16.45196926154498,0.34696045779381524,4.028151332882318,4.4875233016395795,
18850,38.3154766125532,20.99081939304007,32.05403639568477,7.08764330614769,20.000790927444644,7.716013121304479,7.516509326701993,24.450257612845057,16.39219583395883,0.33861023805897816,3.927783494839193,4.439969602716092,
18900,38.20014996003161,20.754428442714353,32.07031582297175,6.951815372123546,20.002744812043122,7.581280333175953,7.356038081944957,24.469166251479503,16.32283249621905,0.3304343204738164,3.8299383834847296,4.390243686660418,
18950,38.087144610872876,20.521668972743427,32.08569287365761,6.819829974781153,20.004534941224307,7.447872103942008,7.20000218774435,24.48705491245614,16.251981643339995,0.32244328599316846,3.7345696474608503,4.339874351203427,
19000,37.978627806734785,20.296244332008847,32.10044604203947,6.691365086881003,20.006212521928262,7.316593823995003,7.048821135015446,24.50422580159156,16.183849074940323,0.31464872561495466,3.6415591901383673,4.289618763199429,
19050,37.87581979576045,20.08036716738138,32.114740846285386,6.566853514343695,20.00781186925017,7.18766921376538,6.902562854392473,24.52085491902421,16.120834877283844,0.3070410648796023,3.5508529125767487,4.239951405222886,
19100,37.77953284716885,19.875599723471698,32.12870426554177,6.446497607903024,20.009353467633787,7.061064533415494,6.761342202343716,24.537085523726645,16.064704850217417,0.29961080361419173,3.4623621915068097,4.191197600275696,
19150,37.69038664147748,19.683233429818596,32.142426276361526,6.330030428926667,20.010860552259636,6.937479557450099,6.62473470187614,24.553026848345347,16.016935050450897,0.29235519866390103,3.37602454377911,4.14359002826668,
19200,37.608494474196974,19.503703950040215,32.15593862484643,6.2175029625580605,20.012322872408358,6.816613779859332,6.492746263005753,24.56873121153236,15.978091470310902,0.285264578291369,3.2918013557312515,4.097215749000319,
19250,37.53371981949891,19.336946872295677,32.16928051956805,6.109057306472264,20.01376251013729,6.69886123873743,6.365176914226678,24.58420603015601,15.947947921700887,0.2783321354895429,3.2096602865469235,4.052038558345423,
19300,37.46555246952922,19.182237001200683,32.18243939599381,6.0045463761818025,20.01517884194652,6.584592427351298,6.2414848036691115,24.599436704911362,15.925721342221083,0.2715502503692644,3.129576255404409,4.007966698162289,
19350,37.40345516678289,19.03876083066219,32.19540408888171,5.903749830479569,20.016550763772365,6.4730094957767035,6.1218447085434775,24.614435089660706,15.910754607579591,0.26492190217114564,3.0514733568154924,3.9649536035994974,
19400,37.34723401658626,18.906300182959097,32.20819308936002,5.806778444582785,20.017889118633985,6.363701434410802,6.0063384072083394,24.6292129232991,15.90286542821565,0.25843943954751997,2.9753245034067706,3.9229996326035246,
19450,37.29667963794677,18.78460018932204,32.22081792479755,5.713363546615401,20.01919441959064,6.256703118487705,5.894911444514973,24.6437832137475,15.901842478876548,0.2520962282294259,2.901106217038171,3.8821017295907763,
19500,37.25155396254938,18.673331169186973,32.23328986731883,5.6232939666831765,20.02046237766974,6.151852546148758,5.78730552811786,24.6581646683392,15.907525805739482,0.24589459563058566,2.828751550707567,3.8422606872742313,
19550,37.21157405999002,18.572073381248355,32.245609535929816,5.536412263266886,20.021697968407498,6.049107284768675,5.683468069671668,24.67236300651808,15.919501796428538,0.23983316649998362,2.7582275222884034,3.803434330859698,
19600,37.17632560640009,18.480142506726057,32.25776679381534,5.452521412212549,20.02290014885596,5.948462180549591,5.582902249997592,24.686376207977634,15.937212968099262,0.23391275633045125,2.689469255265405,3.7656046128054634,
19650,37.145526901258904,18.397061393246474,32.26977379631393,5.3716083349794275,20.02406955013561,5.850049507662529,5.485856863287509,24.700216239560415,15.960002327738549,0.22813299535056408,2.62242681253431,3.7287267155623436,
19700,37.11873880339651,18.322054505828497,32.28162153672309,5.2933827728477025,20.025208311341544,5.754088723828951,5.392098243883771,24.713872994370057,15.987103456781723,0.22248729669323103,2.5570951177172607,3.6927509245739474,
19750,37.09551909583698,18.254293451452085,32.29331676334717,5.217737669370759,20.026321002926583,5.6602143501937086,5.301208026014844,24.72735021932665,16.017925788627856,0.2169752137451501,2.493409597808438,3.657652192419068,
19800,37.07564700652773,18.19337715344021,32.30487004625353,5.144664340688193,20.02741369600012,5.568753331727689,5.213378258540058,24.74065841365877,16.051886145424,0.21159779078080457,2.431312992564662,3.6234127321413103,
19850,37.05874996333564,18.138622407799758,32.31627029829238,5.074061948871656,20.028482913926908,5.479613322623014,5.128587920854224,24.753790800755667,16.088349035385892,0.20635532905184206,2.3707476027651855,3.589983246946697,
19900,37.04453598965857,18.089462579916887,32.32752681939798,5.005915491459752,20.029532029050007,5.392601880757645,5.046561366641444,24.766755619203142,16.126903043206028,0.20123883138465423,2.3117154727383937,3.557338281166143,
19950,37.0328549665313,18.045609279151787,32.33865075596589,4.9402264709325205,20.030562277339865,5.307891263100331,4.967037470237656,24.779562057403748,16.167324160090406,0.1962474943426425,2.2541706429181114,3.525485601929305,
20000,37.02345109114786,18.006563509418324,32.34964607657868,4.877023111048966,20.0315710439456,5.225434974833564,4.889929816069555,24.79221692341122,16.209170268916374,0.1913788817703325,2.198059891055702,3.4944011728358144,
